date,exchange,universe_size,pass_count
2025-07-18,BME_MADRID,23,6
2025-07-18,BORSA_ITALIANA,28,7
2025-07-18,EURONEXT_AMSTERDAM,28,9
2025-07-18,EURONEXT_BRUSSELS,16,4
2025-07-18,EURONEXT_LISBON,3,1
2025-07-18,EURONEXT_PARIS,50,13
2025-07-18,LSE,64,18
2025-07-18,OMX_COPENHAGEN,23,3
2025-07-18,OMX_HELSINKI,17,3
2025-07-18,OMX_STOCKHOLM,38,3
2025-07-18,OSLO,17,4
2025-07-18,SIX,29,2
2025-07-18,XETRA,64,17
2025-07-21,BME_MADRID,23,9
2025-07-21,BORSA_ITALIANA,28,5
2025-07-21,EURONEXT_AMSTERDAM,28,9
2025-07-21,EURONEXT_BRUSSELS,16,4
2025-07-21,EURONEXT_LISBON,3,0
2025-07-21,EURONEXT_PARIS,50,14
2025-07-21,LSE,64,18
2025-07-21,OMX_COPENHAGEN,23,3
2025-07-21,OMX_HELSINKI,17,3
2025-07-21,OMX_STOCKHOLM,38,3
2025-07-21,OSLO,17,4
2025-07-21,SIX,29,2
2025-07-21,XETRA,64,16
2025-07-22,BME_MADRID,22,11
2025-07-22,BORSA_ITALIANA,28,6
2025-07-22,EURONEXT_AMSTERDAM,28,9
2025-07-22,EURONEXT_BRUSSELS,16,3
2025-07-22,EURONEXT_LISBON,3,0
2025-07-22,EURONEXT_PARIS,50,11
2025-07-22,LSE,64,17
2025-07-22,OMX_COPENHAGEN,23,3
2025-07-22,OMX_HELSINKI,17,3
2025-07-22,OMX_STOCKHOLM,38,4
2025-07-22,OSLO,17,3
2025-07-22,SIX,29,3
2025-07-22,XETRA,64,14
2025-07-23,BME_MADRID,22,8
2025-07-23,BORSA_ITALIANA,28,7
2025-07-23,EURONEXT_AMSTERDAM,28,10
2025-07-23,EURONEXT_BRUSSELS,16,3
2025-07-23,EURONEXT_LISBON,3,0
2025-07-23,EURONEXT_PARIS,50,13
2025-07-23,LSE,66,17
2025-07-23,OMX_COPENHAGEN,23,4
2025-07-23,OMX_HELSINKI,17,4
2025-07-23,OMX_STOCKHOLM,38,3
2025-07-23,OSLO,17,3
2025-07-23,SIX,29,2
2025-07-23,XETRA,64,17
2025-07-24,BME_MADRID,22,8
2025-07-24,BORSA_ITALIANA,28,8
2025-07-24,EURONEXT_AMSTERDAM,28,10
2025-07-24,EURONEXT_BRUSSELS,16,3
2025-07-24,EURONEXT_LISBON,3,0
2025-07-24,EURONEXT_PARIS,50,12
2025-07-24,LSE,66,15
2025-07-24,OMX_COPENHAGEN,23,4
2025-07-24,OMX_HELSINKI,17,5
2025-07-24,OMX_STOCKHOLM,38,3
2025-07-24,OSLO,17,3
2025-07-24,SIX,29,3
2025-07-24,XETRA,64,18
2025-07-25,BME_MADRID,22,9
2025-07-25,BORSA_ITALIANA,28,8
2025-07-25,EURONEXT_AMSTERDAM,28,8
2025-07-25,EURONEXT_BRUSSELS,16,3
2025-07-25,EURONEXT_LISBON,3,0
2025-07-25,EURONEXT_PARIS,50,13
2025-07-25,LSE,66,18
2025-07-25,OMX_COPENHAGEN,23,4
2025-07-25,OMX_HELSINKI,17,5
2025-07-25,OMX_STOCKHOLM,38,3
2025-07-25,OSLO,17,3
2025-07-25,SIX,29,3
2025-07-25,XETRA,64,17
2025-07-28,BME_MADRID,22,10
2025-07-28,BORSA_ITALIANA,28,8
2025-07-28,EURONEXT_AMSTERDAM,28,8
2025-07-28,EURONEXT_BRUSSELS,16,3
2025-07-28,EURONEXT_LISBON,3,0
2025-07-28,EURONEXT_PARIS,50,11
2025-07-28,LSE,64,15
2025-07-28,OMX_COPENHAGEN,23,4
2025-07-28,OMX_HELSINKI,17,5
2025-07-28,OMX_STOCKHOLM,38,3
2025-07-28,OSLO,17,3
2025-07-28,SIX,30,2
2025-07-28,XETRA,64,17
2025-07-29,BME_MADRID,22,10
2025-07-29,BORSA_ITALIANA,28,8
2025-07-29,EURONEXT_AMSTERDAM,28,9
2025-07-29,EURONEXT_BRUSSELS,16,2
2025-07-29,EURONEXT_LISBON,3,0
2025-07-29,EURONEXT_PARIS,50,13
2025-07-29,LSE,64,15
2025-07-29,OMX_COPENHAGEN,23,4
2025-07-29,OMX_HELSINKI,17,6
2025-07-29,OMX_STOCKHOLM,39,3
2025-07-29,OSLO,17,4
2025-07-29,SIX,30,2
2025-07-29,XETRA,64,18
2025-07-30,BME_MADRID,22,10
2025-07-30,BORSA_ITALIANA,29,10
2025-07-30,EURONEXT_AMSTERDAM,28,9
2025-07-30,EURONEXT_BRUSSELS,16,2
2025-07-30,EURONEXT_LISBON,3,0
2025-07-30,EURONEXT_PARIS,50,13
2025-07-30,LSE,64,17
2025-07-30,OMX_COPENHAGEN,23,4
2025-07-30,OMX_HELSINKI,17,5
2025-07-30,OMX_STOCKHOLM,38,3
2025-07-30,OSLO,17,4
2025-07-30,SIX,30,2
2025-07-30,XETRA,64,17
2025-07-31,BME_MADRID,22,10
2025-07-31,BORSA_ITALIANA,28,9
2025-07-31,EURONEXT_AMSTERDAM,28,9
2025-07-31,EURONEXT_BRUSSELS,16,3
2025-07-31,EURONEXT_LISBON,3,0
2025-07-31,EURONEXT_PARIS,50,13
2025-07-31,LSE,64,17
2025-07-31,OMX_COPENHAGEN,23,4
2025-07-31,OMX_HELSINKI,17,5
2025-07-31,OMX_STOCKHOLM,37,3
2025-07-31,OSLO,17,4
2025-07-31,SIX,30,2
2025-07-31,XETRA,64,16
2025-08-01,BME_MADRID,22,8
2025-08-01,BORSA_ITALIANA,28,8
2025-08-01,EURONEXT_AMSTERDAM,28,7
2025-08-01,EURONEXT_BRUSSELS,16,3
2025-08-01,EURONEXT_LISBON,3,0
2025-08-01,EURONEXT_PARIS,50,8
2025-08-01,LSE,64,17
2025-08-01,OMX_COPENHAGEN,23,3
2025-08-01,OMX_HELSINKI,17,5
2025-08-01,OMX_STOCKHOLM,37,3
2025-08-01,OSLO,17,4
2025-08-01,SIX,30,2
2025-08-01,XETRA,64,14
2025-08-04,BME_MADRID,23,9
2025-08-04,BORSA_ITALIANA,28,10
2025-08-04,EURONEXT_AMSTERDAM,28,8
2025-08-04,EURONEXT_BRUSSELS,16,4
2025-08-04,EURONEXT_LISBON,3,0
2025-08-04,EURONEXT_PARIS,50,11
2025-08-04,LSE,64,17
2025-08-04,OMX_COPENHAGEN,23,4
2025-08-04,OMX_HELSINKI,17,5
2025-08-04,OMX_STOCKHOLM,37,3
2025-08-04,OSLO,17,3
2025-08-04,SIX,30,4
2025-08-04,XETRA,64,17
2025-08-05,BME_MADRID,23,8
2025-08-05,BORSA_ITALIANA,28,10
2025-08-05,EURONEXT_AMSTERDAM,28,8
2025-08-05,EURONEXT_BRUSSELS,16,5
2025-08-05,EURONEXT_LISBON,3,0
2025-08-05,EURONEXT_PARIS,50,11
2025-08-05,LSE,64,18
2025-08-05,OMX_COPENHAGEN,23,4
2025-08-05,OMX_HELSINKI,17,5
2025-08-05,OMX_STOCKHOLM,37,3
2025-08-05,OSLO,17,3
2025-08-05,SIX,30,3
2025-08-05,XETRA,64,18
2025-08-06,BME_MADRID,22,8
2025-08-06,BORSA_ITALIANA,28,10
2025-08-06,EURONEXT_AMSTERDAM,28,7
2025-08-06,EURONEXT_BRUSSELS,16,5
2025-08-06,EURONEXT_LISBON,3,0
2025-08-06,EURONEXT_PARIS,50,11
2025-08-06,LSE,65,19
2025-08-06,OMX_COPENHAGEN,23,4
2025-08-06,OMX_HELSINKI,17,6
2025-08-06,OMX_STOCKHOLM,37,3
2025-08-06,OSLO,17,3
2025-08-06,SIX,30,2
2025-08-06,XETRA,64,18
2025-08-07,BME_MADRID,22,7
2025-08-07,BORSA_ITALIANA,29,9
2025-08-07,EURONEXT_AMSTERDAM,28,7
2025-08-07,EURONEXT_BRUSSELS,16,5
2025-08-07,EURONEXT_LISBON,3,0
2025-08-07,EURONEXT_PARIS,50,10
2025-08-07,LSE,64,17
2025-08-07,OMX_COPENHAGEN,23,4
2025-08-07,OMX_HELSINKI,17,7
2025-08-07,OMX_STOCKHOLM,37,4
2025-08-07,OSLO,17,4
2025-08-07,SIX,30,3
2025-08-07,XETRA,64,17
2025-08-08,BME_MADRID,22,7
2025-08-08,BORSA_ITALIANA,28,9
2025-08-08,EURONEXT_AMSTERDAM,28,7
2025-08-08,EURONEXT_BRUSSELS,16,5
2025-08-08,EURONEXT_LISBON,3,0
2025-08-08,EURONEXT_PARIS,50,10
2025-08-08,LSE,64,17
2025-08-08,OMX_COPENHAGEN,23,4
2025-08-08,OMX_HELSINKI,17,7
2025-08-08,OMX_STOCKHOLM,38,4
2025-08-08,OSLO,17,3
2025-08-08,SIX,30,4
2025-08-08,XETRA,64,19
2025-08-11,BME_MADRID,22,7
2025-08-11,BORSA_ITALIANA,28,9
2025-08-11,EURONEXT_AMSTERDAM,28,7
2025-08-11,EURONEXT_BRUSSELS,16,6
2025-08-11,EURONEXT_LISBON,3,0
2025-08-11,EURONEXT_PARIS,50,12
2025-08-11,LSE,64,15
2025-08-11,OMX_COPENHAGEN,23,4
2025-08-11,OMX_HELSINKI,17,5
2025-08-11,OMX_STOCKHOLM,37,3
2025-08-11,OSLO,17,3
2025-08-11,SIX,30,3
2025-08-11,XETRA,64,16
2025-08-12,BME_MADRID,22,7
2025-08-12,BORSA_ITALIANA,28,9
2025-08-12,EURONEXT_AMSTERDAM,28,8
2025-08-12,EURONEXT_BRUSSELS,16,6
2025-08-12,EURONEXT_LISBON,3,0
2025-08-12,EURONEXT_PARIS,50,13
2025-08-12,LSE,64,15
2025-08-12,OMX_COPENHAGEN,23,4
2025-08-12,OMX_HELSINKI,17,4
2025-08-12,OMX_STOCKHOLM,38,4
2025-08-12,OSLO,17,4
2025-08-12,SIX,30,3
2025-08-12,XETRA,64,17
2025-08-13,BME_MADRID,22,11
2025-08-13,BORSA_ITALIANA,29,11
2025-08-13,EURONEXT_AMSTERDAM,28,7
2025-08-13,EURONEXT_BRUSSELS,16,5
2025-08-13,EURONEXT_LISBON,3,0
2025-08-13,EURONEXT_PARIS,50,13
2025-08-13,LSE,64,13
2025-08-13,OMX_COPENHAGEN,23,4
2025-08-13,OMX_HELSINKI,17,5
2025-08-13,OMX_STOCKHOLM,38,3
2025-08-13,OSLO,17,5
2025-08-13,SIX,30,3
2025-08-13,XETRA,64,15
2025-08-14,BME_MADRID,22,11
2025-08-14,BORSA_ITALIANA,29,12
2025-08-14,EURONEXT_AMSTERDAM,28,7
2025-08-14,EURONEXT_BRUSSELS,16,5
2025-08-14,EURONEXT_LISBON,3,0
2025-08-14,EURONEXT_PARIS,50,14
2025-08-14,LSE,64,15
2025-08-14,OMX_COPENHAGEN,23,4
2025-08-14,OMX_HELSINKI,17,4
2025-08-14,OMX_STOCKHOLM,37,4
2025-08-14,OSLO,17,5
2025-08-14,SIX,30,3
2025-08-14,XETRA,64,15
2025-08-15,BME_MADRID,22,11
2025-08-15,BORSA_ITALIANA,29,12
2025-08-15,EURONEXT_AMSTERDAM,28,7
2025-08-15,EURONEXT_BRUSSELS,16,5
2025-08-15,EURONEXT_LISBON,3,0
2025-08-15,EURONEXT_PARIS,50,14
2025-08-15,LSE,64,15
2025-08-15,OMX_COPENHAGEN,23,4
2025-08-15,OMX_HELSINKI,17,3
2025-08-15,OMX_STOCKHOLM,38,4
2025-08-15,OSLO,17,5
2025-08-15,SIX,30,3
2025-08-15,XETRA,64,15
2025-08-18,BME_MADRID,22,12
2025-08-18,BORSA_ITALIANA,29,12
2025-08-18,EURONEXT_AMSTERDAM,28,8
2025-08-18,EURONEXT_BRUSSELS,16,4
2025-08-18,EURONEXT_LISBON,3,0
2025-08-18,EURONEXT_PARIS,51,14
2025-08-18,LSE,64,15
2025-08-18,OMX_COPENHAGEN,23,4
2025-08-18,OMX_HELSINKI,17,3
2025-08-18,OMX_STOCKHOLM,37,3
2025-08-18,OSLO,17,4
2025-08-18,SIX,30,3
2025-08-18,XETRA,64,14
2025-08-19,BME_MADRID,22,11
2025-08-19,BORSA_ITALIANA,30,12
2025-08-19,EURONEXT_AMSTERDAM,28,9
2025-08-19,EURONEXT_BRUSSELS,16,4
2025-08-19,EURONEXT_LISBON,3,0
2025-08-19,EURONEXT_PARIS,51,14
2025-08-19,LSE,64,15
2025-08-19,OMX_COPENHAGEN,23,4
2025-08-19,OMX_HELSINKI,17,3
2025-08-19,OMX_STOCKHOLM,39,2
2025-08-19,OSLO,17,4
2025-08-19,SIX,30,3
2025-08-19,XETRA,64,17
2025-08-20,BME_MADRID,22,11
2025-08-20,BORSA_ITALIANA,31,13
2025-08-20,EURONEXT_AMSTERDAM,28,9
2025-08-20,EURONEXT_BRUSSELS,16,5
2025-08-20,EURONEXT_LISBON,3,0
2025-08-20,EURONEXT_PARIS,50,13
2025-08-20,LSE,65,19
2025-08-20,OMX_COPENHAGEN,23,4
2025-08-20,OMX_HELSINKI,17,3
2025-08-20,OMX_STOCKHOLM,39,2
2025-08-20,OSLO,17,6
2025-08-20,SIX,30,2
2025-08-20,XETRA,64,14
2025-08-21,BME_MADRID,22,11
2025-08-21,BORSA_ITALIANA,31,13
2025-08-21,EURONEXT_AMSTERDAM,28,9
2025-08-21,EURONEXT_BRUSSELS,16,4
2025-08-21,EURONEXT_LISBON,3,0
2025-08-21,EURONEXT_PARIS,50,13
2025-08-21,LSE,65,18
2025-08-21,OMX_COPENHAGEN,23,4
2025-08-21,OMX_HELSINKI,17,3
2025-08-21,OMX_STOCKHOLM,37,3
2025-08-21,OSLO,17,6
2025-08-21,SIX,30,2
2025-08-21,XETRA,64,15
2025-08-22,BME_MADRID,22,11
2025-08-22,BORSA_ITALIANA,31,14
2025-08-22,EURONEXT_AMSTERDAM,28,9
2025-08-22,EURONEXT_BRUSSELS,16,5
2025-08-22,EURONEXT_LISBON,3,0
2025-08-22,EURONEXT_PARIS,51,13
2025-08-22,LSE,64,18
2025-08-22,OMX_COPENHAGEN,23,4
2025-08-22,OMX_HELSINKI,17,3
2025-08-22,OMX_STOCKHOLM,38,3
2025-08-22,OSLO,17,6
2025-08-22,SIX,30,2
2025-08-22,XETRA,64,15
2025-08-25,BME_MADRID,22,11
2025-08-25,BORSA_ITALIANA,30,13
2025-08-25,EURONEXT_AMSTERDAM,28,9
2025-08-25,EURONEXT_BRUSSELS,16,4
2025-08-25,EURONEXT_LISBON,3,0
2025-08-25,EURONEXT_PARIS,50,9
2025-08-25,LSE,64,19
2025-08-25,OMX_COPENHAGEN,23,4
2025-08-25,OMX_HELSINKI,17,3
2025-08-25,OMX_STOCKHOLM,38,4
2025-08-25,OSLO,17,6
2025-08-25,SIX,30,2
2025-08-25,XETRA,64,15
2025-08-26,BME_MADRID,22,11
2025-08-26,BORSA_ITALIANA,30,13
2025-08-26,EURONEXT_AMSTERDAM,28,7
2025-08-26,EURONEXT_BRUSSELS,16,3
2025-08-26,EURONEXT_LISBON,3,0
2025-08-26,EURONEXT_PARIS,50,6
2025-08-26,LSE,65,20
2025-08-26,OMX_COPENHAGEN,23,4
2025-08-26,OMX_HELSINKI,17,4
2025-08-26,OMX_STOCKHOLM,37,3
2025-08-26,OSLO,17,6
2025-08-26,SIX,30,1
2025-08-26,XETRA,64,15
2025-08-27,BME_MADRID,22,12
2025-08-27,BORSA_ITALIANA,31,13
2025-08-27,EURONEXT_AMSTERDAM,28,8
2025-08-27,EURONEXT_BRUSSELS,16,3
2025-08-27,EURONEXT_LISBON,3,0
2025-08-27,EURONEXT_PARIS,50,5
2025-08-27,LSE,66,20
2025-08-27,OMX_COPENHAGEN,23,5
2025-08-27,OMX_HELSINKI,17,4
2025-08-27,OMX_STOCKHOLM,37,3
2025-08-27,OSLO,17,5
2025-08-27,SIX,30,1
2025-08-27,XETRA,64,15
2025-08-28,BME_MADRID,22,12
2025-08-28,BORSA_ITALIANA,30,12
2025-08-28,EURONEXT_AMSTERDAM,28,8
2025-08-28,EURONEXT_BRUSSELS,16,4
2025-08-28,EURONEXT_LISBON,3,0
2025-08-28,EURONEXT_PARIS,50,5
2025-08-28,LSE,65,18
2025-08-28,OMX_COPENHAGEN,23,5
2025-08-28,OMX_HELSINKI,17,4
2025-08-28,OMX_STOCKHOLM,37,4
2025-08-28,OSLO,17,4
2025-08-28,SIX,30,1
2025-08-28,XETRA,64,16
2025-08-29,BME_MADRID,22,11
2025-08-29,BORSA_ITALIANA,29,11
2025-08-29,EURONEXT_AMSTERDAM,28,8
2025-08-29,EURONEXT_BRUSSELS,16,2
2025-08-29,EURONEXT_LISBON,3,0
2025-08-29,EURONEXT_PARIS,50,7
2025-08-29,LSE,65,17
2025-08-29,OMX_COPENHAGEN,23,5
2025-08-29,OMX_HELSINKI,17,4
2025-08-29,OMX_STOCKHOLM,37,3
2025-08-29,OSLO,17,5
2025-08-29,SIX,30,1
2025-08-29,XETRA,64,16
2025-09-01,BME_MADRID,22,9
2025-09-01,BORSA_ITALIANA,29,11
2025-09-01,EURONEXT_AMSTERDAM,28,9
2025-09-01,EURONEXT_BRUSSELS,16,2
2025-09-01,EURONEXT_LISBON,3,0
2025-09-01,EURONEXT_PARIS,50,9
2025-09-01,LSE,66,18
2025-09-01,OMX_COPENHAGEN,23,5
2025-09-01,OMX_HELSINKI,17,4
2025-09-01,OMX_STOCKHOLM,37,3
2025-09-01,OSLO,17,4
2025-09-01,SIX,30,1
2025-09-01,XETRA,64,18
2025-09-02,BME_MADRID,22,7
2025-09-02,BORSA_ITALIANA,28,10
2025-09-02,EURONEXT_AMSTERDAM,28,8
2025-09-02,EURONEXT_BRUSSELS,15,1
2025-09-02,EURONEXT_LISBON,3,0
2025-09-02,EURONEXT_PARIS,50,4
2025-09-02,LSE,65,13
2025-09-02,OMX_COPENHAGEN,23,3
2025-09-02,OMX_HELSINKI,17,2
2025-09-02,OMX_STOCKHOLM,36,3
2025-09-02,OSLO,17,3
2025-09-02,SIX,30,0
2025-09-02,XETRA,64,13
2025-09-03,BME_MADRID,22,9
2025-09-03,BORSA_ITALIANA,28,8
2025-09-03,EURONEXT_AMSTERDAM,28,6
2025-09-03,EURONEXT_BRUSSELS,15,1
2025-09-03,EURONEXT_LISBON,3,0
2025-09-03,EURONEXT_PARIS,50,6
2025-09-03,LSE,66,15
2025-09-03,OMX_COPENHAGEN,23,3
2025-09-03,OMX_HELSINKI,17,3
2025-09-03,OMX_STOCKHOLM,36,3
2025-09-03,OSLO,17,3
2025-09-03,SIX,30,0
2025-09-03,XETRA,64,11
2025-09-04,BME_MADRID,22,8
2025-09-04,BORSA_ITALIANA,29,8
2025-09-04,EURONEXT_AMSTERDAM,28,7
2025-09-04,EURONEXT_BRUSSELS,15,1
2025-09-04,EURONEXT_LISBON,3,1
2025-09-04,EURONEXT_PARIS,50,7
2025-09-04,LSE,66,15
2025-09-04,OMX_COPENHAGEN,23,4
2025-09-04,OMX_HELSINKI,17,3
2025-09-04,OMX_STOCKHOLM,36,4
2025-09-04,OSLO,17,5
2025-09-04,SIX,30,0
2025-09-04,XETRA,64,10
2025-09-05,BME_MADRID,22,9
2025-09-05,BORSA_ITALIANA,28,6
2025-09-05,EURONEXT_AMSTERDAM,28,8
2025-09-05,EURONEXT_BRUSSELS,15,2
2025-09-05,EURONEXT_LISBON,3,1
2025-09-05,EURONEXT_PARIS,50,7
2025-09-05,LSE,65,16
2025-09-05,OMX_COPENHAGEN,23,4
2025-09-05,OMX_HELSINKI,17,4
2025-09-05,OMX_STOCKHOLM,37,2
2025-09-05,OSLO,17,4
2025-09-05,SIX,30,0
2025-09-05,XETRA,64,9
2025-09-08,BME_MADRID,22,9
2025-09-08,BORSA_ITALIANA,29,8
2025-09-08,EURONEXT_AMSTERDAM,28,10
2025-09-08,EURONEXT_BRUSSELS,15,2
2025-09-08,EURONEXT_LISBON,3,1
2025-09-08,EURONEXT_PARIS,50,6
2025-09-08,LSE,65,16
2025-09-08,OMX_COPENHAGEN,23,4
2025-09-08,OMX_HELSINKI,17,4
2025-09-08,OMX_STOCKHOLM,37,3
2025-09-08,OSLO,17,3
2025-09-08,SIX,30,0
2025-09-08,XETRA,64,11
2025-09-09,BME_MADRID,22,9
2025-09-09,BORSA_ITALIANA,29,10
2025-09-09,EURONEXT_AMSTERDAM,28,10
2025-09-09,EURONEXT_BRUSSELS,15,2
2025-09-09,EURONEXT_LISBON,3,1
2025-09-09,EURONEXT_PARIS,50,7
2025-09-09,LSE,65,16
2025-09-09,OMX_COPENHAGEN,23,3
2025-09-09,OMX_HELSINKI,17,4
2025-09-09,OMX_STOCKHOLM,37,2
2025-09-09,OSLO,17,4
2025-09-09,SIX,30,0
2025-09-09,XETRA,64,10
2025-09-10,BME_MADRID,22,9
2025-09-10,BORSA_ITALIANA,29,11
2025-09-10,EURONEXT_AMSTERDAM,28,9
2025-09-10,EURONEXT_BRUSSELS,15,3
2025-09-10,EURONEXT_LISBON,3,0
2025-09-10,EURONEXT_PARIS,50,7
2025-09-10,LSE,65,17
2025-09-10,OMX_COPENHAGEN,23,4
2025-09-10,OMX_HELSINKI,17,4
2025-09-10,OMX_STOCKHOLM,36,3
2025-09-10,OSLO,17,4
2025-09-10,SIX,30,0
2025-09-10,XETRA,64,11
2025-09-11,BME_MADRID,22,10
2025-09-11,BORSA_ITALIANA,29,11
2025-09-11,EURONEXT_AMSTERDAM,28,8
2025-09-11,EURONEXT_BRUSSELS,15,3
2025-09-11,EURONEXT_LISBON,3,1
2025-09-11,EURONEXT_PARIS,50,8
2025-09-11,LSE,65,19
2025-09-11,OMX_COPENHAGEN,23,3
2025-09-11,OMX_HELSINKI,17,6
2025-09-11,OMX_STOCKHOLM,36,4
2025-09-11,OSLO,17,4
2025-09-11,SIX,30,0
2025-09-11,XETRA,64,10
2025-09-12,BME_MADRID,22,8
2025-09-12,BORSA_ITALIANA,29,11
2025-09-12,EURONEXT_AMSTERDAM,28,8
2025-09-12,EURONEXT_BRUSSELS,15,3
2025-09-12,EURONEXT_LISBON,3,1
2025-09-12,EURONEXT_PARIS,50,9
2025-09-12,LSE,65,18
2025-09-12,OMX_COPENHAGEN,23,5
2025-09-12,OMX_HELSINKI,17,6
2025-09-12,OMX_STOCKHOLM,36,3
2025-09-12,OSLO,17,5
2025-09-12,SIX,30,0
2025-09-12,XETRA,64,10
2025-09-15,BME_MADRID,22,9
2025-09-15,BORSA_ITALIANA,29,11
2025-09-15,EURONEXT_AMSTERDAM,28,8
2025-09-15,EURONEXT_BRUSSELS,15,2
2025-09-15,EURONEXT_LISBON,3,1
2025-09-15,EURONEXT_PARIS,50,10
2025-09-15,LSE,65,18
2025-09-15,OMX_COPENHAGEN,23,5
2025-09-15,OMX_HELSINKI,17,5
2025-09-15,OMX_STOCKHOLM,36,5
2025-09-15,OSLO,17,5
2025-09-15,SIX,30,0
2025-09-15,XETRA,64,11
2025-09-16,BME_MADRID,22,8
2025-09-16,BORSA_ITALIANA,29,9
2025-09-16,EURONEXT_AMSTERDAM,28,6
2025-09-16,EURONEXT_BRUSSELS,15,2
2025-09-16,EURONEXT_LISBON,3,0
2025-09-16,EURONEXT_PARIS,50,7
2025-09-16,LSE,65,17
2025-09-16,OMX_COPENHAGEN,23,6
2025-09-16,OMX_HELSINKI,17,5
2025-09-16,OMX_STOCKHOLM,36,4
2025-09-16,OSLO,17,6
2025-09-16,SIX,30,0
2025-09-16,XETRA,64,7
2025-09-17,BME_MADRID,22,9
2025-09-17,BORSA_ITALIANA,29,8
2025-09-17,EURONEXT_AMSTERDAM,28,7
2025-09-17,EURONEXT_BRUSSELS,15,1
2025-09-17,EURONEXT_LISBON,3,0
2025-09-17,EURONEXT_PARIS,50,6
2025-09-17,LSE,65,16
2025-09-17,OMX_COPENHAGEN,23,5
2025-09-17,OMX_HELSINKI,17,4
2025-09-17,OMX_STOCKHOLM,36,4
2025-09-17,OSLO,17,5
2025-09-17,SIX,30,0
2025-09-17,XETRA,64,8
2025-09-18,BME_MADRID,22,7
2025-09-18,BORSA_ITALIANA,29,9
2025-09-18,EURONEXT_AMSTERDAM,28,8
2025-09-18,EURONEXT_BRUSSELS,15,1
2025-09-18,EURONEXT_LISBON,3,0
2025-09-18,EURONEXT_PARIS,50,6
2025-09-18,LSE,65,17
2025-09-18,OMX_COPENHAGEN,23,5
2025-09-18,OMX_HELSINKI,17,3
2025-09-18,OMX_STOCKHOLM,36,3
2025-09-18,OSLO,17,4
2025-09-18,SIX,30,0
2025-09-18,XETRA,64,10
2025-09-19,BME_MADRID,22,8
2025-09-19,BORSA_ITALIANA,29,10
2025-09-19,EURONEXT_AMSTERDAM,28,9
2025-09-19,EURONEXT_BRUSSELS,15,2
2025-09-19,EURONEXT_LISBON,3,0
2025-09-19,EURONEXT_PARIS,50,9
2025-09-19,LSE,65,15
2025-09-19,OMX_COPENHAGEN,23,4
2025-09-19,OMX_HELSINKI,17,3
2025-09-19,OMX_STOCKHOLM,36,5
2025-09-19,OSLO,17,3
2025-09-19,SIX,30,0
2025-09-19,XETRA,64,9
2025-09-22,BME_MADRID,22,8
2025-09-22,BORSA_ITALIANA,29,11
2025-09-22,EURONEXT_AMSTERDAM,28,9
2025-09-22,EURONEXT_BRUSSELS,15,2
2025-09-22,EURONEXT_LISBON,3,0
2025-09-22,EURONEXT_PARIS,50,6
2025-09-22,LSE,65,17
2025-09-22,OMX_COPENHAGEN,23,4
2025-09-22,OMX_HELSINKI,17,3
2025-09-22,OMX_STOCKHOLM,36,4
2025-09-22,OSLO,17,2
2025-09-22,SIX,30,0
2025-09-22,XETRA,64,9
2025-09-23,BME_MADRID,22,9
2025-09-23,BORSA_ITALIANA,29,8
2025-09-23,EURONEXT_AMSTERDAM,28,9
2025-09-23,EURONEXT_BRUSSELS,15,1
2025-09-23,EURONEXT_LISBON,3,0
2025-09-23,EURONEXT_PARIS,50,7
2025-09-23,LSE,66,15
2025-09-23,OMX_COPENHAGEN,23,4
2025-09-23,OMX_HELSINKI,17,3
2025-09-23,OMX_STOCKHOLM,36,5
2025-09-23,OSLO,17,2
2025-09-23,SIX,30,0
2025-09-23,XETRA,64,10
2025-09-24,BME_MADRID,22,9
2025-09-24,BORSA_ITALIANA,29,8
2025-09-24,EURONEXT_AMSTERDAM,28,9
2025-09-24,EURONEXT_BRUSSELS,15,1
2025-09-24,EURONEXT_LISBON,3,0
2025-09-24,EURONEXT_PARIS,50,6
2025-09-24,LSE,66,13
2025-09-24,OMX_COPENHAGEN,23,4
2025-09-24,OMX_HELSINKI,17,3
2025-09-24,OMX_STOCKHOLM,36,5
2025-09-24,OSLO,17,3
2025-09-24,SIX,30,0
2025-09-24,XETRA,64,10
2025-09-25,BME_MADRID,22,8
2025-09-25,BORSA_ITALIANA,29,7
2025-09-25,EURONEXT_AMSTERDAM,28,9
2025-09-25,EURONEXT_BRUSSELS,15,2
2025-09-25,EURONEXT_LISBON,3,0
2025-09-25,EURONEXT_PARIS,50,6
2025-09-25,LSE,66,12
2025-09-25,OMX_COPENHAGEN,23,4
2025-09-25,OMX_HELSINKI,17,2
2025-09-25,OMX_STOCKHOLM,36,5
2025-09-25,OSLO,17,3
2025-09-25,SIX,30,0
2025-09-25,XETRA,64,10
2025-09-26,BME_MADRID,22,8
2025-09-26,BORSA_ITALIANA,29,8
2025-09-26,EURONEXT_AMSTERDAM,28,9
2025-09-26,EURONEXT_BRUSSELS,14,2
2025-09-26,EURONEXT_LISBON,3,0
2025-09-26,EURONEXT_PARIS,50,8
2025-09-26,LSE,66,12
2025-09-26,OMX_COPENHAGEN,23,4
2025-09-26,OMX_HELSINKI,17,4
2025-09-26,OMX_STOCKHOLM,36,5
2025-09-26,OSLO,17,5
2025-09-26,SIX,30,0
2025-09-26,XETRA,64,12
2025-09-29,BME_MADRID,22,9
2025-09-29,BORSA_ITALIANA,29,7
2025-09-29,EURONEXT_AMSTERDAM,28,8
2025-09-29,EURONEXT_BRUSSELS,14,2
2025-09-29,EURONEXT_LISBON,3,0
2025-09-29,EURONEXT_PARIS,49,8
2025-09-29,LSE,66,14
2025-09-29,OMX_COPENHAGEN,23,4
2025-09-29,OMX_HELSINKI,17,4
2025-09-29,OMX_STOCKHOLM,36,5
2025-09-29,OSLO,17,4
2025-09-29,SIX,30,0
2025-09-29,XETRA,64,12
2025-09-30,BME_MADRID,22,10
2025-09-30,BORSA_ITALIANA,29,7
2025-09-30,EURONEXT_AMSTERDAM,28,8
2025-09-30,EURONEXT_BRUSSELS,14,2
2025-09-30,EURONEXT_LISBON,3,0
2025-09-30,EURONEXT_PARIS,49,8
2025-09-30,LSE,65,17
2025-09-30,OMX_COPENHAGEN,23,4
2025-09-30,OMX_HELSINKI,17,5
2025-09-30,OMX_STOCKHOLM,36,6
2025-09-30,OSLO,17,4
2025-09-30,SIX,30,0
2025-09-30,XETRA,64,11
2025-10-01,BME_MADRID,22,11
2025-10-01,BORSA_ITALIANA,29,7
2025-10-01,EURONEXT_AMSTERDAM,28,8
2025-10-01,EURONEXT_BRUSSELS,14,2
2025-10-01,EURONEXT_LISBON,3,1
2025-10-01,EURONEXT_PARIS,50,9
2025-10-01,LSE,66,16
2025-10-01,OMX_COPENHAGEN,23,4
2025-10-01,OMX_HELSINKI,17,4
2025-10-01,OMX_STOCKHOLM,37,5
2025-10-01,OSLO,17,5
2025-10-01,SIX,30,0
2025-10-01,XETRA,64,13
2025-10-02,BME_MADRID,22,11
2025-10-02,BORSA_ITALIANA,29,7
2025-10-02,EURONEXT_AMSTERDAM,28,9
2025-10-02,EURONEXT_BRUSSELS,14,2
2025-10-02,EURONEXT_LISBON,3,1
2025-10-02,EURONEXT_PARIS,49,10
2025-10-02,LSE,65,16
2025-10-02,OMX_COPENHAGEN,23,4
2025-10-02,OMX_HELSINKI,17,3
2025-10-02,OMX_STOCKHOLM,37,4
2025-10-02,OSLO,17,4
2025-10-02,SIX,30,0
2025-10-02,XETRA,64,13
2025-10-03,BME_MADRID,22,12
2025-10-03,BORSA_ITALIANA,29,7
2025-10-03,EURONEXT_AMSTERDAM,28,9
2025-10-03,EURONEXT_BRUSSELS,14,4
2025-10-03,EURONEXT_LISBON,3,1
2025-10-03,EURONEXT_PARIS,49,8
2025-10-03,LSE,65,16
2025-10-03,OMX_COPENHAGEN,23,5
2025-10-03,OMX_HELSINKI,17,3
2025-10-03,OMX_STOCKHOLM,37,3
2025-10-03,OSLO,17,4
2025-10-03,SIX,30,0
2025-10-03,XETRA,64,13
2025-10-06,BME_MADRID,22,11
2025-10-06,BORSA_ITALIANA,29,8
2025-10-06,EURONEXT_AMSTERDAM,28,7
2025-10-06,EURONEXT_BRUSSELS,14,2
2025-10-06,EURONEXT_LISBON,3,1
2025-10-06,EURONEXT_PARIS,49,6
2025-10-06,LSE,66,15
2025-10-06,OMX_COPENHAGEN,23,5
2025-10-06,OMX_HELSINKI,17,3
2025-10-06,OMX_STOCKHOLM,37,6
2025-10-06,OSLO,17,4
2025-10-06,SIX,30,0
2025-10-06,XETRA,64,14
2025-10-07,BME_MADRID,22,11
2025-10-07,BORSA_ITALIANA,29,7
2025-10-07,EURONEXT_AMSTERDAM,28,8
2025-10-07,EURONEXT_BRUSSELS,14,2
2025-10-07,EURONEXT_LISBON,3,1
2025-10-07,EURONEXT_PARIS,49,4
2025-10-07,LSE,66,16
2025-10-07,OMX_COPENHAGEN,23,5
2025-10-07,OMX_HELSINKI,17,4
2025-10-07,OMX_STOCKHOLM,37,4
2025-10-07,OSLO,17,5
2025-10-07,SIX,30,1
2025-10-07,XETRA,64,13
2025-10-08,BME_MADRID,22,12
2025-10-08,BORSA_ITALIANA,29,8
2025-10-08,EURONEXT_AMSTERDAM,28,8
2025-10-08,EURONEXT_BRUSSELS,14,3
2025-10-08,EURONEXT_LISBON,3,1
2025-10-08,EURONEXT_PARIS,49,5
2025-10-08,LSE,66,15
2025-10-08,OMX_COPENHAGEN,23,6
2025-10-08,OMX_HELSINKI,17,4
2025-10-08,OMX_STOCKHOLM,37,6
2025-10-08,OSLO,17,4
2025-10-08,SIX,30,1
2025-10-08,XETRA,64,11
2025-10-09,BME_MADRID,22,11
2025-10-09,BORSA_ITALIANA,29,7
2025-10-09,EURONEXT_AMSTERDAM,28,8
2025-10-09,EURONEXT_BRUSSELS,14,1
2025-10-09,EURONEXT_LISBON,3,1
2025-10-09,EURONEXT_PARIS,49,3
2025-10-09,LSE,66,17
2025-10-09,OMX_COPENHAGEN,23,6
2025-10-09,OMX_HELSINKI,17,5
2025-10-09,OMX_STOCKHOLM,37,7
2025-10-09,OSLO,17,5
2025-10-09,SIX,30,1
2025-10-09,XETRA,64,12
2025-10-10,BME_MADRID,22,10
2025-10-10,BORSA_ITALIANA,29,7
2025-10-10,EURONEXT_AMSTERDAM,28,6
2025-10-10,EURONEXT_BRUSSELS,14,2
2025-10-10,EURONEXT_LISBON,3,1
2025-10-10,EURONEXT_PARIS,49,3
2025-10-10,LSE,65,16
2025-10-10,OMX_COPENHAGEN,23,6
2025-10-10,OMX_HELSINKI,16,5
2025-10-10,OMX_STOCKHOLM,37,6
2025-10-10,OSLO,17,6
2025-10-10,SIX,30,2
2025-10-10,XETRA,64,11
2025-10-13,BME_MADRID,22,10
2025-10-13,BORSA_ITALIANA,29,9
2025-10-13,EURONEXT_AMSTERDAM,28,7
2025-10-13,EURONEXT_BRUSSELS,14,1
2025-10-13,EURONEXT_LISBON,3,1
2025-10-13,EURONEXT_PARIS,49,3
2025-10-13,LSE,65,16
2025-10-13,OMX_COPENHAGEN,23,6
2025-10-13,OMX_HELSINKI,16,5
2025-10-13,OMX_STOCKHOLM,37,4
2025-10-13,OSLO,17,4
2025-10-13,SIX,30,1
2025-10-13,XETRA,64,11
2025-10-14,BME_MADRID,23,10
2025-10-14,BORSA_ITALIANA,29,8
2025-10-14,EURONEXT_AMSTERDAM,28,7
2025-10-14,EURONEXT_BRUSSELS,14,1
2025-10-14,EURONEXT_LISBON,3,1
2025-10-14,EURONEXT_PARIS,49,5
2025-10-14,LSE,65,16
2025-10-14,OMX_COPENHAGEN,23,6
2025-10-14,OMX_HELSINKI,16,4
2025-10-14,OMX_STOCKHOLM,37,4
2025-10-14,OSLO,17,4
2025-10-14,SIX,30,2
2025-10-14,XETRA,64,10
2025-10-15,BME_MADRID,23,10
2025-10-15,BORSA_ITALIANA,29,6
2025-10-15,EURONEXT_AMSTERDAM,28,5
2025-10-15,EURONEXT_BRUSSELS,14,2
2025-10-15,EURONEXT_LISBON,3,1
2025-10-15,EURONEXT_PARIS,49,8
2025-10-15,LSE,65,14
2025-10-15,OMX_COPENHAGEN,23,6
2025-10-15,OMX_HELSINKI,16,5
2025-10-15,OMX_STOCKHOLM,37,5
2025-10-15,OSLO,17,4
2025-10-15,SIX,30,2
2025-10-15,XETRA,64,9
2025-10-16,BME_MADRID,23,9
2025-10-16,BORSA_ITALIANA,30,8
2025-10-16,EURONEXT_AMSTERDAM,28,4
2025-10-16,EURONEXT_BRUSSELS,14,3
2025-10-16,EURONEXT_LISBON,3,1
2025-10-16,EURONEXT_PARIS,49,9
2025-10-16,LSE,65,13
2025-10-16,OMX_COPENHAGEN,23,7
2025-10-16,OMX_HELSINKI,16,5
2025-10-16,OMX_STOCKHOLM,37,5
2025-10-16,OSLO,17,4
2025-10-16,SIX,30,1
2025-10-16,XETRA,64,8
2025-10-17,BME_MADRID,23,7
2025-10-17,BORSA_ITALIANA,30,6
2025-10-17,EURONEXT_AMSTERDAM,28,3
2025-10-17,EURONEXT_BRUSSELS,14,2
2025-10-17,EURONEXT_LISBON,3,1
2025-10-17,EURONEXT_PARIS,49,6
2025-10-17,LSE,65,8
2025-10-17,OMX_COPENHAGEN,23,7
2025-10-17,OMX_HELSINKI,17,4
2025-10-17,OMX_STOCKHOLM,37,4
2025-10-17,OSLO,17,3
2025-10-17,SIX,30,1
2025-10-17,XETRA,64,9
2025-10-20,BME_MADRID,23,10
2025-10-20,BORSA_ITALIANA,31,9
2025-10-20,EURONEXT_AMSTERDAM,28,3
2025-10-20,EURONEXT_BRUSSELS,14,2
2025-10-20,EURONEXT_LISBON,3,1
2025-10-20,EURONEXT_PARIS,49,8
2025-10-20,LSE,65,8
2025-10-20,OMX_COPENHAGEN,23,6
2025-10-20,OMX_HELSINKI,17,5
2025-10-20,OMX_STOCKHOLM,38,5
2025-10-20,OSLO,17,3
2025-10-20,SIX,30,1
2025-10-20,XETRA,64,8
2025-10-21,BME_MADRID,23,10
2025-10-21,BORSA_ITALIANA,31,11
2025-10-21,EURONEXT_AMSTERDAM,28,3
2025-10-21,EURONEXT_BRUSSELS,14,2
2025-10-21,EURONEXT_LISBON,3,1
2025-10-21,EURONEXT_PARIS,49,6
2025-10-21,LSE,65,11
2025-10-21,OMX_COPENHAGEN,23,7
2025-10-21,OMX_HELSINKI,17,5
2025-10-21,OMX_STOCKHOLM,38,5
2025-10-21,OSLO,17,4
2025-10-21,SIX,30,1
2025-10-21,XETRA,64,8
2025-10-22,BME_MADRID,23,10
2025-10-22,BORSA_ITALIANA,31,8
2025-10-22,EURONEXT_AMSTERDAM,28,4
2025-10-22,EURONEXT_BRUSSELS,14,3
2025-10-22,EURONEXT_LISBON,3,1
2025-10-22,EURONEXT_PARIS,49,7
2025-10-22,LSE,65,12
2025-10-22,OMX_COPENHAGEN,23,7
2025-10-22,OMX_HELSINKI,17,5
2025-10-22,OMX_STOCKHOLM,38,5
2025-10-22,OSLO,17,3
2025-10-22,SIX,30,1
2025-10-22,XETRA,64,8
2025-10-23,BME_MADRID,23,8
2025-10-23,BORSA_ITALIANA,30,7
2025-10-23,EURONEXT_AMSTERDAM,28,5
2025-10-23,EURONEXT_BRUSSELS,14,2
2025-10-23,EURONEXT_LISBON,3,1
2025-10-23,EURONEXT_PARIS,49,6
2025-10-23,LSE,67,13
2025-10-23,OMX_COPENHAGEN,23,8
2025-10-23,OMX_HELSINKI,18,6
2025-10-23,OMX_STOCKHOLM,38,4
2025-10-23,OSLO,18,6
2025-10-23,SIX,30,1
2025-10-23,XETRA,64,10
2025-10-24,BME_MADRID,23,9
2025-10-24,BORSA_ITALIANA,31,9
2025-10-24,EURONEXT_AMSTERDAM,28,6
2025-10-24,EURONEXT_BRUSSELS,14,3
2025-10-24,EURONEXT_LISBON,3,1
2025-10-24,EURONEXT_PARIS,49,8
2025-10-24,LSE,67,18
2025-10-24,OMX_COPENHAGEN,23,7
2025-10-24,OMX_HELSINKI,18,6
2025-10-24,OMX_STOCKHOLM,38,3
2025-10-24,OSLO,18,6
2025-10-24,SIX,30,1
2025-10-24,XETRA,64,12
2025-10-27,BME_MADRID,23,10
2025-10-27,BORSA_ITALIANA,31,12
2025-10-27,EURONEXT_AMSTERDAM,28,7
2025-10-27,EURONEXT_BRUSSELS,14,4
2025-10-27,EURONEXT_LISBON,3,1
2025-10-27,EURONEXT_PARIS,49,6
2025-10-27,LSE,67,18
2025-10-27,OMX_COPENHAGEN,23,8
2025-10-27,OMX_HELSINKI,18,6
2025-10-27,OMX_STOCKHOLM,38,5
2025-10-27,OSLO,18,5
2025-10-27,SIX,30,1
2025-10-27,XETRA,64,9
2025-10-28,BME_MADRID,23,11
2025-10-28,BORSA_ITALIANA,31,11
2025-10-28,EURONEXT_AMSTERDAM,28,7
2025-10-28,EURONEXT_BRUSSELS,14,4
2025-10-28,EURONEXT_LISBON,3,1
2025-10-28,EURONEXT_PARIS,49,8
2025-10-28,LSE,67,17
2025-10-28,OMX_COPENHAGEN,23,9
2025-10-28,OMX_HELSINKI,18,6
2025-10-28,OMX_STOCKHOLM,38,5
2025-10-28,OSLO,18,4
2025-10-28,SIX,30,1
2025-10-28,XETRA,64,10
2025-10-29,BME_MADRID,23,11
2025-10-29,BORSA_ITALIANA,30,12
2025-10-29,EURONEXT_AMSTERDAM,28,7
2025-10-29,EURONEXT_BRUSSELS,14,4
2025-10-29,EURONEXT_LISBON,3,1
2025-10-29,EURONEXT_PARIS,49,6
2025-10-29,LSE,66,19
2025-10-29,OMX_COPENHAGEN,23,9
2025-10-29,OMX_HELSINKI,18,6
2025-10-29,OMX_STOCKHOLM,38,4
2025-10-29,OSLO,18,4
2025-10-29,SIX,30,1
2025-10-29,XETRA,64,11
2025-10-30,BME_MADRID,23,10
2025-10-30,BORSA_ITALIANA,31,12
2025-10-30,EURONEXT_AMSTERDAM,28,9
2025-10-30,EURONEXT_BRUSSELS,14,4
2025-10-30,EURONEXT_LISBON,3,1
2025-10-30,EURONEXT_PARIS,49,5
2025-10-30,LSE,66,20
2025-10-30,OMX_COPENHAGEN,23,8
2025-10-30,OMX_HELSINKI,18,5
2025-10-30,OMX_STOCKHOLM,38,5
2025-10-30,OSLO,18,4
2025-10-30,SIX,30,1
2025-10-30,XETRA,64,11
2025-10-31,BME_MADRID,23,10
2025-10-31,BORSA_ITALIANA,31,12
2025-10-31,EURONEXT_AMSTERDAM,28,10
2025-10-31,EURONEXT_BRUSSELS,14,3
2025-10-31,EURONEXT_LISBON,3,1
2025-10-31,EURONEXT_PARIS,49,6
2025-10-31,LSE,66,20
2025-10-31,OMX_COPENHAGEN,23,8
2025-10-31,OMX_HELSINKI,18,6
2025-10-31,OMX_STOCKHOLM,38,4
2025-10-31,OSLO,18,4
2025-10-31,SIX,30,1
2025-10-31,XETRA,63,13
2025-11-03,BME_MADRID,23,11
2025-11-03,BORSA_ITALIANA,30,12
2025-11-03,EURONEXT_AMSTERDAM,28,8
2025-11-03,EURONEXT_BRUSSELS,14,3
2025-11-03,EURONEXT_LISBON,3,2
2025-11-03,EURONEXT_PARIS,49,7
2025-11-03,LSE,67,19
2025-11-03,OMX_COPENHAGEN,23,8
2025-11-03,OMX_HELSINKI,18,6
2025-11-03,OMX_STOCKHOLM,38,6
2025-11-03,OSLO,18,4
2025-11-03,SIX,30,1
2025-11-03,XETRA,63,13
2025-11-04,BME_MADRID,23,11
2025-11-04,BORSA_ITALIANA,30,13
2025-11-04,EURONEXT_AMSTERDAM,28,6
2025-11-04,EURONEXT_BRUSSELS,14,3
2025-11-04,EURONEXT_LISBON,3,1
2025-11-04,EURONEXT_PARIS,49,4
2025-11-04,LSE,66,18
2025-11-04,OMX_COPENHAGEN,23,9
2025-11-04,OMX_HELSINKI,18,6
2025-11-04,OMX_STOCKHOLM,38,5
2025-11-04,OSLO,18,4
2025-11-04,SIX,30,1
2025-11-04,XETRA,63,13
2025-11-05,BME_MADRID,23,11
2025-11-05,BORSA_ITALIANA,30,14
2025-11-05,EURONEXT_AMSTERDAM,28,8
2025-11-05,EURONEXT_BRUSSELS,15,3
2025-11-05,EURONEXT_LISBON,3,2
2025-11-05,EURONEXT_PARIS,49,5
2025-11-05,LSE,66,21
2025-11-05,OMX_COPENHAGEN,23,8
2025-11-05,OMX_HELSINKI,18,6
2025-11-05,OMX_STOCKHOLM,38,4
2025-11-05,OSLO,18,3
2025-11-05,SIX,30,1
2025-11-05,XETRA,63,12
2025-11-06,BME_MADRID,23,11
2025-11-06,BORSA_ITALIANA,30,12
2025-11-06,EURONEXT_AMSTERDAM,28,7
2025-11-06,EURONEXT_BRUSSELS,15,3
2025-11-06,EURONEXT_LISBON,3,2
2025-11-06,EURONEXT_PARIS,49,8
2025-11-06,LSE,66,17
2025-11-06,OMX_COPENHAGEN,23,6
2025-11-06,OMX_HELSINKI,18,6
2025-11-06,OMX_STOCKHOLM,38,6
2025-11-06,OSLO,18,3
2025-11-06,SIX,30,0
2025-11-06,XETRA,63,10
2025-11-07,BME_MADRID,23,11
2025-11-07,BORSA_ITALIANA,30,12
2025-11-07,EURONEXT_AMSTERDAM,28,7
2025-11-07,EURONEXT_BRUSSELS,15,3
2025-11-07,EURONEXT_LISBON,3,2
2025-11-07,EURONEXT_PARIS,49,6
2025-11-07,LSE,66,18
2025-11-07,OMX_COPENHAGEN,23,6
2025-11-07,OMX_HELSINKI,18,6
2025-11-07,OMX_STOCKHOLM,38,5
2025-11-07,OSLO,18,3
2025-11-07,SIX,30,0
2025-11-07,XETRA,63,11
2025-11-10,BME_MADRID,23,11
2025-11-10,BORSA_ITALIANA,30,13
2025-11-10,EURONEXT_AMSTERDAM,28,7
2025-11-10,EURONEXT_BRUSSELS,15,3
2025-11-10,EURONEXT_LISBON,3,2
2025-11-10,EURONEXT_PARIS,49,8
2025-11-10,LSE,66,20
2025-11-10,OMX_COPENHAGEN,23,6
2025-11-10,OMX_HELSINKI,18,6
2025-11-10,OMX_STOCKHOLM,38,5
2025-11-10,OSLO,18,3
2025-11-10,SIX,30,0
2025-11-10,XETRA,63,12
2025-11-11,BME_MADRID,23,11
2025-11-11,BORSA_ITALIANA,30,13
2025-11-11,EURONEXT_AMSTERDAM,28,8
2025-11-11,EURONEXT_BRUSSELS,15,3
2025-11-11,EURONEXT_LISBON,3,1
2025-11-11,EURONEXT_PARIS,49,7
2025-11-11,LSE,66,22
2025-11-11,OMX_COPENHAGEN,23,7
2025-11-11,OMX_HELSINKI,18,6
2025-11-11,OMX_STOCKHOLM,38,4
2025-11-11,OSLO,18,3
2025-11-11,SIX,30,0
2025-11-11,XETRA,63,13
2025-11-12,BME_MADRID,23,11
2025-11-12,BORSA_ITALIANA,30,14
2025-11-12,EURONEXT_AMSTERDAM,28,8
2025-11-12,EURONEXT_BRUSSELS,15,4
2025-11-12,EURONEXT_LISBON,3,1
2025-11-12,EURONEXT_PARIS,49,7
2025-11-12,LSE,67,24
2025-11-12,OMX_COPENHAGEN,23,6
2025-11-12,OMX_HELSINKI,18,6
2025-11-12,OMX_STOCKHOLM,38,4
2025-11-12,OSLO,18,4
2025-11-12,SIX,30,0
2025-11-12,XETRA,63,14
2025-11-13,BME_MADRID,23,11
2025-11-13,BORSA_ITALIANA,30,13
2025-11-13,EURONEXT_AMSTERDAM,28,8
2025-11-13,EURONEXT_BRUSSELS,15,4
2025-11-13,EURONEXT_LISBON,3,1
2025-11-13,EURONEXT_PARIS,49,9
2025-11-13,LSE,67,20
2025-11-13,OMX_COPENHAGEN,23,6
2025-11-13,OMX_HELSINKI,18,6
2025-11-13,OMX_STOCKHOLM,38,5
2025-11-13,OSLO,18,3
2025-11-13,SIX,30,0
2025-11-13,XETRA,63,13
2025-11-14,BME_MADRID,23,10
2025-11-14,BORSA_ITALIANA,30,12
2025-11-14,EURONEXT_AMSTERDAM,28,7
2025-11-14,EURONEXT_BRUSSELS,15,4
2025-11-14,EURONEXT_LISBON,3,1
2025-11-14,EURONEXT_PARIS,49,10
2025-11-14,LSE,66,18
2025-11-14,OMX_COPENHAGEN,23,6
2025-11-14,OMX_HELSINKI,18,6
2025-11-14,OMX_STOCKHOLM,38,4
2025-11-14,OSLO,18,4
2025-11-14,SIX,30,0
2025-11-14,XETRA,63,15
2025-11-17,BME_MADRID,23,9
2025-11-17,BORSA_ITALIANA,31,13
2025-11-17,EURONEXT_AMSTERDAM,28,8
2025-11-17,EURONEXT_BRUSSELS,15,4
2025-11-17,EURONEXT_LISBON,3,1
2025-11-17,EURONEXT_PARIS,49,10
2025-11-17,LSE,66,16
2025-11-17,OMX_COPENHAGEN,23,6
2025-11-17,OMX_HELSINKI,18,6
2025-11-17,OMX_STOCKHOLM,38,5
2025-11-17,OSLO,18,5
2025-11-17,SIX,30,0
2025-11-17,XETRA,63,14
2025-11-18,BME_MADRID,23,8
2025-11-18,BORSA_ITALIANA,30,11
2025-11-18,EURONEXT_AMSTERDAM,28,5
2025-11-18,EURONEXT_BRUSSELS,15,3
2025-11-18,EURONEXT_LISBON,3,1
2025-11-18,EURONEXT_PARIS,49,8
2025-11-18,LSE,66,11
2025-11-18,OMX_COPENHAGEN,23,5
2025-11-18,OMX_HELSINKI,18,5
2025-11-18,OMX_STOCKHOLM,37,3
2025-11-18,OSLO,18,5
2025-11-18,SIX,30,0
2025-11-18,XETRA,64,7
2025-11-19,BME_MADRID,23,8
2025-11-19,BORSA_ITALIANA,30,11
2025-11-19,EURONEXT_AMSTERDAM,28,5
2025-11-19,EURONEXT_BRUSSELS,15,3
2025-11-19,EURONEXT_LISBON,3,1
2025-11-19,EURONEXT_PARIS,49,7
2025-11-19,LSE,66,10
2025-11-19,OMX_COPENHAGEN,23,6
2025-11-19,OMX_HELSINKI,18,5
2025-11-19,OMX_STOCKHOLM,37,3
2025-11-19,OSLO,18,4
2025-11-19,SIX,30,0
2025-11-19,XETRA,64,9
2025-11-20,BME_MADRID,23,10
2025-11-20,BORSA_ITALIANA,30,11
2025-11-20,EURONEXT_AMSTERDAM,28,5
2025-11-20,EURONEXT_BRUSSELS,15,2
2025-11-20,EURONEXT_LISBON,3,1
2025-11-20,EURONEXT_PARIS,49,7
2025-11-20,LSE,66,11
2025-11-20,OMX_COPENHAGEN,23,6
2025-11-20,OMX_HELSINKI,18,7
2025-11-20,OMX_STOCKHOLM,37,4
2025-11-20,OSLO,18,4
2025-11-20,SIX,30,0
2025-11-20,XETRA,64,8
2025-11-21,BME_MADRID,23,9
2025-11-21,BORSA_ITALIANA,30,10
2025-11-21,EURONEXT_AMSTERDAM,28,4
2025-11-21,EURONEXT_BRUSSELS,15,4
2025-11-21,EURONEXT_LISBON,3,1
2025-11-21,EURONEXT_PARIS,49,6
2025-11-21,LSE,66,11
2025-11-21,OMX_COPENHAGEN,23,6
2025-11-21,OMX_HELSINKI,18,6
2025-11-21,OMX_STOCKHOLM,38,4
2025-11-21,OSLO,18,3
2025-11-21,SIX,30,0
2025-11-21,XETRA,64,9
2025-11-24,BME_MADRID,23,10
2025-11-24,BORSA_ITALIANA,30,10
2025-11-24,EURONEXT_AMSTERDAM,28,6
2025-11-24,EURONEXT_BRUSSELS,15,4
2025-11-24,EURONEXT_LISBON,3,1
2025-11-24,EURONEXT_PARIS,49,6
2025-11-24,LSE,66,12
2025-11-24,OMX_COPENHAGEN,23,6
2025-11-24,OMX_HELSINKI,18,6
2025-11-24,OMX_STOCKHOLM,38,4
2025-11-24,OSLO,18,4
2025-11-24,SIX,30,1
2025-11-24,XETRA,64,10
2025-11-25,BME_MADRID,23,9
2025-11-25,BORSA_ITALIANA,30,13
2025-11-25,EURONEXT_AMSTERDAM,28,6
2025-11-25,EURONEXT_BRUSSELS,15,4
2025-11-25,EURONEXT_LISBON,3,0
2025-11-25,EURONEXT_PARIS,49,6
2025-11-25,LSE,66,12
2025-11-25,OMX_COPENHAGEN,23,6
2025-11-25,OMX_HELSINKI,18,5
2025-11-25,OMX_STOCKHOLM,38,5
2025-11-25,OSLO,18,4
2025-11-25,SIX,30,1
2025-11-25,XETRA,64,12
2025-11-26,BME_MADRID,23,9
2025-11-26,BORSA_ITALIANA,31,14
2025-11-26,EURONEXT_AMSTERDAM,28,7
2025-11-26,EURONEXT_BRUSSELS,15,4
2025-11-26,EURONEXT_LISBON,3,0
2025-11-26,EURONEXT_PARIS,49,7
2025-11-26,LSE,66,17
2025-11-26,OMX_COPENHAGEN,23,6
2025-11-26,OMX_HELSINKI,18,5
2025-11-26,OMX_STOCKHOLM,38,5
2025-11-26,OSLO,18,3
2025-11-26,SIX,30,0
2025-11-26,XETRA,64,12
2025-11-27,BME_MADRID,23,9
2025-11-27,BORSA_ITALIANA,30,13
2025-11-27,EURONEXT_AMSTERDAM,28,8
2025-11-27,EURONEXT_BRUSSELS,15,3
2025-11-27,EURONEXT_LISBON,3,1
2025-11-27,EURONEXT_PARIS,49,7
2025-11-27,LSE,67,17
2025-11-27,OMX_COPENHAGEN,23,6
2025-11-27,OMX_HELSINKI,18,5
2025-11-27,OMX_STOCKHOLM,37,6
2025-11-27,OSLO,18,5
2025-11-27,SIX,30,1
2025-11-27,XETRA,64,13
2025-11-28,BME_MADRID,23,10
2025-11-28,BORSA_ITALIANA,30,14
2025-11-28,EURONEXT_AMSTERDAM,28,8
2025-11-28,EURONEXT_BRUSSELS,15,4
2025-11-28,EURONEXT_LISBON,3,0
2025-11-28,EURONEXT_PARIS,49,7
2025-11-28,LSE,67,19
2025-11-28,OMX_COPENHAGEN,23,6
2025-11-28,OMX_HELSINKI,18,4
2025-11-28,OMX_STOCKHOLM,37,5
2025-11-28,OSLO,18,6
2025-11-28,SIX,30,2
2025-11-28,XETRA,64,12
2025-12-01,BME_MADRID,23,10
2025-12-01,BORSA_ITALIANA,30,12
2025-12-01,EURONEXT_AMSTERDAM,28,7
2025-12-01,EURONEXT_BRUSSELS,15,4
2025-12-01,EURONEXT_LISBON,3,0
2025-12-01,EURONEXT_PARIS,49,7
2025-12-01,LSE,67,20
2025-12-01,OMX_COPENHAGEN,23,6
2025-12-01,OMX_HELSINKI,18,4
2025-12-01,OMX_STOCKHOLM,37,6
2025-12-01,OSLO,18,4
2025-12-01,SIX,30,1
2025-12-01,XETRA,64,12
2025-12-02,BME_MADRID,23,9
2025-12-02,BORSA_ITALIANA,30,11
2025-12-02,EURONEXT_AMSTERDAM,28,8
2025-12-02,EURONEXT_BRUSSELS,15,4
2025-12-02,EURONEXT_LISBON,3,0
2025-12-02,EURONEXT_PARIS,49,8
2025-12-02,LSE,67,19
2025-12-02,OMX_COPENHAGEN,23,5
2025-12-02,OMX_HELSINKI,18,5
2025-12-02,OMX_STOCKHOLM,37,7
2025-12-02,OSLO,18,6
2025-12-02,SIX,30,1
2025-12-02,XETRA,64,12
2025-12-03,BME_MADRID,23,9
2025-12-03,BORSA_ITALIANA,30,9
2025-12-03,EURONEXT_AMSTERDAM,28,8
2025-12-03,EURONEXT_BRUSSELS,15,4
2025-12-03,EURONEXT_LISBON,3,0
2025-12-03,EURONEXT_PARIS,49,8
2025-12-03,LSE,67,21
2025-12-03,OMX_COPENHAGEN,23,5
2025-12-03,OMX_HELSINKI,18,5
2025-12-03,OMX_STOCKHOLM,37,6
2025-12-03,OSLO,18,5
2025-12-03,SIX,30,1
2025-12-03,XETRA,64,10
2025-12-04,BME_MADRID,23,9
2025-12-04,BORSA_ITALIANA,30,9
2025-12-04,EURONEXT_AMSTERDAM,28,9
2025-12-04,EURONEXT_BRUSSELS,15,4
2025-12-04,EURONEXT_LISBON,3,0
2025-12-04,EURONEXT_PARIS,49,8
2025-12-04,LSE,67,21
2025-12-04,OMX_COPENHAGEN,23,5
2025-12-04,OMX_HELSINKI,18,5
2025-12-04,OMX_STOCKHOLM,37,5
2025-12-04,OSLO,18,5
2025-12-04,SIX,30,2
2025-12-04,XETRA,64,11
2025-12-05,BME_MADRID,23,9
2025-12-05,BORSA_ITALIANA,31,10
2025-12-05,EURONEXT_AMSTERDAM,28,8
2025-12-05,EURONEXT_BRUSSELS,15,3
2025-12-05,EURONEXT_LISBON,3,0
2025-12-05,EURONEXT_PARIS,49,7
2025-12-05,LSE,67,20
2025-12-05,OMX_COPENHAGEN,23,6
2025-12-05,OMX_HELSINKI,18,5
2025-12-05,OMX_STOCKHOLM,37,6
2025-12-05,OSLO,18,6
2025-12-05,SIX,30,3
2025-12-05,XETRA,64,12
2025-12-08,BME_MADRID,23,9
2025-12-08,BORSA_ITALIANA,30,10
2025-12-08,EURONEXT_AMSTERDAM,28,9
2025-12-08,EURONEXT_BRUSSELS,15,4
2025-12-08,EURONEXT_LISBON,3,0
2025-12-08,EURONEXT_PARIS,49,7
2025-12-08,LSE,67,17
2025-12-08,OMX_COPENHAGEN,23,6
2025-12-08,OMX_HELSINKI,18,5
2025-12-08,OMX_STOCKHOLM,37,4
2025-12-08,OSLO,18,8
2025-12-08,SIX,30,3
2025-12-08,XETRA,64,12
2025-12-09,BME_MADRID,23,9
2025-12-09,BORSA_ITALIANA,30,12
2025-12-09,EURONEXT_AMSTERDAM,28,10
2025-12-09,EURONEXT_BRUSSELS,15,3
2025-12-09,EURONEXT_LISBON,3,0
2025-12-09,EURONEXT_PARIS,49,5
2025-12-09,LSE,67,19
2025-12-09,OMX_COPENHAGEN,23,6
2025-12-09,OMX_HELSINKI,18,5
2025-12-09,OMX_STOCKHOLM,38,6
2025-12-09,OSLO,18,6
2025-12-09,SIX,30,3
2025-12-09,XETRA,64,12
2025-12-10,BME_MADRID,23,9
2025-12-10,BORSA_ITALIANA,30,11
2025-12-10,EURONEXT_AMSTERDAM,28,7
2025-12-10,EURONEXT_BRUSSELS,15,3
2025-12-10,EURONEXT_LISBON,4,0
2025-12-10,EURONEXT_PARIS,49,7
2025-12-10,LSE,68,19
2025-12-10,OMX_COPENHAGEN,23,6
2025-12-10,OMX_HELSINKI,18,5
2025-12-10,OMX_STOCKHOLM,38,6
2025-12-10,OSLO,18,5
2025-12-10,SIX,30,3
2025-12-10,XETRA,64,14
2025-12-11,BME_MADRID,23,8
2025-12-11,BORSA_ITALIANA,30,11
2025-12-11,EURONEXT_AMSTERDAM,28,7
2025-12-11,EURONEXT_BRUSSELS,15,3
2025-12-11,EURONEXT_LISBON,4,0
2025-12-11,EURONEXT_PARIS,49,7
2025-12-11,LSE,68,20
2025-12-11,OMX_COPENHAGEN,23,7
2025-12-11,OMX_HELSINKI,18,5
2025-12-11,OMX_STOCKHOLM,38,6
2025-12-11,OSLO,18,5
2025-12-11,SIX,30,3
2025-12-11,XETRA,64,14
2025-12-12,BME_MADRID,23,10
2025-12-12,BORSA_ITALIANA,30,11
2025-12-12,EURONEXT_AMSTERDAM,28,7
2025-12-12,EURONEXT_BRUSSELS,15,3
2025-12-12,EURONEXT_LISBON,4,0
2025-12-12,EURONEXT_PARIS,49,8
2025-12-12,LSE,68,15
2025-12-12,OMX_COPENHAGEN,23,7
2025-12-12,OMX_HELSINKI,18,5
2025-12-12,OMX_STOCKHOLM,38,5
2025-12-12,OSLO,18,5
2025-12-12,SIX,30,2
2025-12-12,XETRA,64,15
2025-12-15,BME_MADRID,23,9
2025-12-15,BORSA_ITALIANA,31,12
2025-12-15,EURONEXT_AMSTERDAM,28,7
2025-12-15,EURONEXT_BRUSSELS,15,3
2025-12-15,EURONEXT_LISBON,4,0
2025-12-15,EURONEXT_PARIS,49,7
2025-12-15,LSE,68,16
2025-12-15,OMX_COPENHAGEN,23,7
2025-12-15,OMX_HELSINKI,18,6
2025-12-15,OMX_STOCKHOLM,38,5
2025-12-15,OSLO,18,5
2025-12-15,SIX,30,2
2025-12-15,XETRA,64,17
2025-12-16,BME_MADRID,23,10
2025-12-16,BORSA_ITALIANA,31,12
2025-12-16,EURONEXT_AMSTERDAM,28,7
2025-12-16,EURONEXT_BRUSSELS,15,2
2025-12-16,EURONEXT_LISBON,4,0
2025-12-16,EURONEXT_PARIS,49,9
2025-12-16,LSE,67,18
2025-12-16,OMX_COPENHAGEN,23,7
2025-12-16,OMX_HELSINKI,18,5
2025-12-16,OMX_STOCKHOLM,38,5
2025-12-16,OSLO,18,5
2025-12-16,SIX,30,2
2025-12-16,XETRA,64,15
2025-12-17,BME_MADRID,23,7
2025-12-17,BORSA_ITALIANA,30,12
2025-12-17,EURONEXT_AMSTERDAM,28,6
2025-12-17,EURONEXT_BRUSSELS,15,3
2025-12-17,EURONEXT_LISBON,4,0
2025-12-17,EURONEXT_PARIS,49,8
2025-12-17,LSE,67,20
2025-12-17,OMX_COPENHAGEN,23,7
2025-12-17,OMX_HELSINKI,18,5
2025-12-17,OMX_STOCKHOLM,38,5
2025-12-17,OSLO,18,5
2025-12-17,SIX,30,2
2025-12-17,XETRA,64,14
2025-12-18,BME_MADRID,23,9
2025-12-18,BORSA_ITALIANA,30,11
2025-12-18,EURONEXT_AMSTERDAM,28,6
2025-12-18,EURONEXT_BRUSSELS,15,3
2025-12-18,EURONEXT_LISBON,4,0
2025-12-18,EURONEXT_PARIS,49,8
2025-12-18,LSE,67,22
2025-12-18,OMX_COPENHAGEN,23,7
2025-12-18,OMX_HELSINKI,18,5
2025-12-18,OMX_STOCKHOLM,38,7
2025-12-18,OSLO,18,5
2025-12-18,SIX,30,1
2025-12-18,XETRA,64,14
2025-12-19,BME_MADRID,23,10
2025-12-19,BORSA_ITALIANA,31,14
2025-12-19,EURONEXT_AMSTERDAM,28,7
2025-12-19,EURONEXT_BRUSSELS,15,4
2025-12-19,EURONEXT_LISBON,4,0
2025-12-19,EURONEXT_PARIS,49,6
2025-12-19,LSE,67,22
2025-12-19,OMX_COPENHAGEN,23,7
2025-12-19,OMX_HELSINKI,18,5
2025-12-19,OMX_STOCKHOLM,38,6
2025-12-19,OSLO,18,5
2025-12-19,SIX,30,3
2025-12-19,XETRA,64,15
2025-12-22,BME_MADRID,23,11
2025-12-22,BORSA_ITALIANA,31,14
2025-12-22,EURONEXT_AMSTERDAM,28,6
2025-12-22,EURONEXT_BRUSSELS,15,4
2025-12-22,EURONEXT_LISBON,4,0
2025-12-22,EURONEXT_PARIS,49,7
2025-12-22,LSE,68,22
2025-12-22,OMX_COPENHAGEN,23,7
2025-12-22,OMX_HELSINKI,18,5
2025-12-22,OMX_STOCKHOLM,38,6
2025-12-22,OSLO,18,6
2025-12-22,SIX,30,3
2025-12-22,XETRA,64,15
2025-12-23,BME_MADRID,23,9
2025-12-23,BORSA_ITALIANA,31,15
2025-12-23,EURONEXT_AMSTERDAM,28,8
2025-12-23,EURONEXT_BRUSSELS,15,4
2025-12-23,EURONEXT_LISBON,4,0
2025-12-23,EURONEXT_PARIS,49,5
2025-12-23,LSE,68,21
2025-12-23,OMX_COPENHAGEN,23,7
2025-12-23,OMX_HELSINKI,18,5
2025-12-23,OMX_STOCKHOLM,38,8
2025-12-23,OSLO,18,6
2025-12-23,SIX,30,4
2025-12-23,XETRA,64,15
2025-12-24,BME_MADRID,23,10
2025-12-24,BORSA_ITALIANA,31,14
2025-12-24,EURONEXT_AMSTERDAM,28,7
2025-12-24,EURONEXT_BRUSSELS,15,3
2025-12-24,EURONEXT_LISBON,3,0
2025-12-24,EURONEXT_PARIS,49,7
2025-12-24,LSE,67,21
2025-12-24,OMX_COPENHAGEN,23,7
2025-12-24,OMX_HELSINKI,18,5
2025-12-24,OMX_STOCKHOLM,38,7
2025-12-24,OSLO,18,6
2025-12-24,SIX,30,4
2025-12-24,XETRA,64,15
2025-12-29,BME_MADRID,23,8
2025-12-29,BORSA_ITALIANA,31,13
2025-12-29,EURONEXT_AMSTERDAM,28,8
2025-12-29,EURONEXT_BRUSSELS,15,4
2025-12-29,EURONEXT_LISBON,3,0
2025-12-29,EURONEXT_PARIS,49,8
2025-12-29,LSE,68,22
2025-12-29,OMX_COPENHAGEN,23,7
2025-12-29,OMX_HELSINKI,18,6
2025-12-29,OMX_STOCKHOLM,38,8
2025-12-29,OSLO,18,6
2025-12-29,SIX,30,4
2025-12-29,XETRA,64,15
2025-12-30,BME_MADRID,23,11
2025-12-30,BORSA_ITALIANA,31,13
2025-12-30,EURONEXT_AMSTERDAM,28,8
2025-12-30,EURONEXT_BRUSSELS,15,4
2025-12-30,EURONEXT_LISBON,3,0
2025-12-30,EURONEXT_PARIS,49,8
2025-12-30,LSE,68,22
2025-12-30,OMX_COPENHAGEN,23,7
2025-12-30,OMX_HELSINKI,18,6
2025-12-30,OMX_STOCKHOLM,38,7
2025-12-30,OSLO,18,6
2025-12-30,SIX,30,3
2025-12-30,XETRA,64,15
2025-12-31,BME_MADRID,23,10
2025-12-31,BORSA_ITALIANA,31,13
2025-12-31,EURONEXT_AMSTERDAM,28,8
2025-12-31,EURONEXT_BRUSSELS,15,4
2025-12-31,EURONEXT_LISBON,3,1
2025-12-31,EURONEXT_PARIS,49,8
2025-12-31,LSE,68,20
2025-12-31,OMX_COPENHAGEN,23,7
2025-12-31,OMX_HELSINKI,18,6
2025-12-31,OMX_STOCKHOLM,38,7
2025-12-31,OSLO,18,6
2025-12-31,SIX,30,3
2025-12-31,XETRA,64,15
2026-01-02,BME_MADRID,23,12
2026-01-02,BORSA_ITALIANA,31,12
2026-01-02,EURONEXT_AMSTERDAM,28,9
2026-01-02,EURONEXT_BRUSSELS,15,3
2026-01-02,EURONEXT_LISBON,3,1
2026-01-02,EURONEXT_PARIS,49,10
2026-01-02,LSE,68,20
2026-01-02,OMX_COPENHAGEN,23,7
2026-01-02,OMX_HELSINKI,18,7
2026-01-02,OMX_STOCKHOLM,38,7
2026-01-02,OSLO,18,6
2026-01-02,SIX,30,3
2026-01-02,XETRA,64,14
2026-01-05,BME_MADRID,23,12
2026-01-05,BORSA_ITALIANA,31,12
2026-01-05,EURONEXT_AMSTERDAM,28,10
2026-01-05,EURONEXT_BRUSSELS,15,4
2026-01-05,EURONEXT_LISBON,3,1
2026-01-05,EURONEXT_PARIS,49,10
2026-01-05,LSE,68,18
2026-01-05,OMX_COPENHAGEN,23,8
2026-01-05,OMX_HELSINKI,18,7
2026-01-05,OMX_STOCKHOLM,38,7
2026-01-05,OSLO,18,6
2026-01-05,SIX,30,4
2026-01-05,XETRA,64,13
2026-01-06,BME_MADRID,23,12
2026-01-06,BORSA_ITALIANA,31,13
2026-01-06,EURONEXT_AMSTERDAM,28,10
2026-01-06,EURONEXT_BRUSSELS,15,4
2026-01-06,EURONEXT_LISBON,3,1
2026-01-06,EURONEXT_PARIS,49,10
2026-01-06,LSE,70,23
2026-01-06,OMX_COPENHAGEN,23,8
2026-01-06,OMX_HELSINKI,18,6
2026-01-06,OMX_STOCKHOLM,38,7
2026-01-06,OSLO,18,4
2026-01-06,SIX,30,4
2026-01-06,XETRA,64,15
2026-01-07,BME_MADRID,23,12
2026-01-07,BORSA_ITALIANA,31,13
2026-01-07,EURONEXT_AMSTERDAM,28,10
2026-01-07,EURONEXT_BRUSSELS,15,4
2026-01-07,EURONEXT_LISBON,3,1
2026-01-07,EURONEXT_PARIS,49,10
2026-01-07,LSE,68,23
2026-01-07,OMX_COPENHAGEN,23,8
2026-01-07,OMX_HELSINKI,18,7
2026-01-07,OMX_STOCKHOLM,38,6
2026-01-07,OSLO,18,2
2026-01-07,SIX,30,4
2026-01-07,XETRA,64,15
2026-01-08,BME_MADRID,23,13
2026-01-08,BORSA_ITALIANA,31,16
2026-01-08,EURONEXT_AMSTERDAM,28,9
2026-01-08,EURONEXT_BRUSSELS,15,4
2026-01-08,EURONEXT_LISBON,3,1
2026-01-08,EURONEXT_PARIS,49,11
2026-01-08,LSE,67,21
2026-01-08,OMX_COPENHAGEN,23,7
2026-01-08,OMX_HELSINKI,18,7
2026-01-08,OMX_STOCKHOLM,38,6
2026-01-08,OSLO,18,3
2026-01-08,SIX,30,3
2026-01-08,XETRA,64,14
2026-01-09,BME_MADRID,23,11
2026-01-09,BORSA_ITALIANA,31,13
2026-01-09,EURONEXT_AMSTERDAM,28,9
2026-01-09,EURONEXT_BRUSSELS,15,4
2026-01-09,EURONEXT_LISBON,3,1
2026-01-09,EURONEXT_PARIS,49,10
2026-01-09,LSE,67,23
2026-01-09,OMX_COPENHAGEN,23,8
2026-01-09,OMX_HELSINKI,18,7
2026-01-09,OMX_STOCKHOLM,38,7
2026-01-09,OSLO,18,4
2026-01-09,SIX,30,4
2026-01-09,XETRA,64,15
2026-01-12,BME_MADRID,23,11
2026-01-12,BORSA_ITALIANA,31,14
2026-01-12,EURONEXT_AMSTERDAM,28,10
2026-01-12,EURONEXT_BRUSSELS,15,4
2026-01-12,EURONEXT_LISBON,3,1
2026-01-12,EURONEXT_PARIS,49,9
2026-01-12,LSE,68,23
2026-01-12,OMX_COPENHAGEN,23,8
2026-01-12,OMX_HELSINKI,18,7
2026-01-12,OMX_STOCKHOLM,38,8
2026-01-12,OSLO,17,3
2026-01-12,SIX,30,4
2026-01-12,XETRA,64,14
2026-01-13,BME_MADRID,23,10
2026-01-13,BORSA_ITALIANA,31,16
2026-01-13,EURONEXT_AMSTERDAM,28,10
2026-01-13,EURONEXT_BRUSSELS,15,4
2026-01-13,EURONEXT_LISBON,3,1
2026-01-13,EURONEXT_PARIS,49,8
2026-01-13,LSE,68,22
2026-01-13,OMX_COPENHAGEN,23,8
2026-01-13,OMX_HELSINKI,18,7
2026-01-13,OMX_STOCKHOLM,38,8
2026-01-13,OSLO,18,4
2026-01-13,SIX,30,4
2026-01-13,XETRA,64,16
2026-01-14,BME_MADRID,23,11
2026-01-14,BORSA_ITALIANA,31,15
2026-01-14,EURONEXT_AMSTERDAM,28,10
2026-01-14,EURONEXT_BRUSSELS,15,4
2026-01-14,EURONEXT_LISBON,3,1
2026-01-14,EURONEXT_PARIS,49,9
2026-01-14,LSE,68,20
2026-01-14,OMX_COPENHAGEN,23,8
2026-01-14,OMX_HELSINKI,18,7
2026-01-14,OMX_STOCKHOLM,38,8
2026-01-14,OSLO,18,5
2026-01-14,SIX,30,5
2026-01-14,XETRA,64,13
2026-01-15,BME_MADRID,23,10
2026-01-15,BORSA_ITALIANA,31,13
2026-01-15,EURONEXT_AMSTERDAM,28,10
2026-01-15,EURONEXT_BRUSSELS,15,4
2026-01-15,EURONEXT_LISBON,3,1
2026-01-15,EURONEXT_PARIS,49,7
2026-01-15,LSE,70,20
2026-01-15,OMX_COPENHAGEN,23,9
2026-01-15,OMX_HELSINKI,18,7
2026-01-15,OMX_STOCKHOLM,38,9
2026-01-15,OSLO,18,5
2026-01-15,SIX,30,6
2026-01-15,XETRA,64,14
2026-01-16,BME_MADRID,23,11
2026-01-16,BORSA_ITALIANA,31,15
2026-01-16,EURONEXT_AMSTERDAM,28,10
2026-01-16,EURONEXT_BRUSSELS,15,4
2026-01-16,EURONEXT_LISBON,3,1
2026-01-16,EURONEXT_PARIS,49,7
2026-01-16,LSE,69,20
2026-01-16,OMX_COPENHAGEN,23,8
2026-01-16,OMX_HELSINKI,18,7
2026-01-16,OMX_STOCKHOLM,38,10
2026-01-16,OSLO,18,5
2026-01-16,SIX,30,4
2026-01-16,XETRA,64,11
2026-01-19,BME_MADRID,23,11
2026-01-19,BORSA_ITALIANA,31,15
2026-01-19,EURONEXT_AMSTERDAM,28,10
2026-01-19,EURONEXT_BRUSSELS,15,4
2026-01-19,EURONEXT_LISBON,3,1
2026-01-19,EURONEXT_PARIS,49,8
2026-01-19,LSE,69,19
2026-01-19,OMX_COPENHAGEN,23,8
2026-01-19,OMX_HELSINKI,18,7
2026-01-19,OMX_STOCKHOLM,38,7
2026-01-19,OSLO,18,5
2026-01-19,SIX,30,5
2026-01-19,XETRA,64,11
2026-01-20,BME_MADRID,23,10
2026-01-20,BORSA_ITALIANA,31,14
2026-01-20,EURONEXT_AMSTERDAM,28,10
2026-01-20,EURONEXT_BRUSSELS,15,4
2026-01-20,EURONEXT_LISBON,3,1
2026-01-20,EURONEXT_PARIS,49,9
2026-01-20,LSE,70,20
2026-01-20,OMX_COPENHAGEN,23,8
2026-01-20,OMX_HELSINKI,18,7
2026-01-20,OMX_STOCKHOLM,38,7
2026-01-20,OSLO,17,4
2026-01-20,SIX,30,3
2026-01-20,XETRA,64,10
2026-01-21,BME_MADRID,23,11
2026-01-21,BORSA_ITALIANA,31,13
2026-01-21,EURONEXT_AMSTERDAM,28,9
2026-01-21,EURONEXT_BRUSSELS,15,4
2026-01-21,EURONEXT_LISBON,3,1
2026-01-21,EURONEXT_PARIS,49,8
2026-01-21,LSE,69,23
2026-01-21,OMX_COPENHAGEN,23,8
2026-01-21,OMX_HELSINKI,18,6
2026-01-21,OMX_STOCKHOLM,38,7
2026-01-21,OSLO,17,4
2026-01-21,SIX,30,3
2026-01-21,XETRA,64,9
2026-01-22,BME_MADRID,23,9
2026-01-22,BORSA_ITALIANA,31,14
2026-01-22,EURONEXT_AMSTERDAM,28,10
2026-01-22,EURONEXT_BRUSSELS,15,4
2026-01-22,EURONEXT_LISBON,3,1
2026-01-22,EURONEXT_PARIS,49,7
2026-01-22,LSE,70,23
2026-01-22,OMX_COPENHAGEN,23,8
2026-01-22,OMX_HELSINKI,18,8
2026-01-22,OMX_STOCKHOLM,38,7
2026-01-22,OSLO,17,4
2026-01-22,SIX,30,3
2026-01-22,XETRA,64,12
2026-01-23,BME_MADRID,23,10
2026-01-23,BORSA_ITALIANA,31,12
2026-01-23,EURONEXT_AMSTERDAM,28,10
2026-01-23,EURONEXT_BRUSSELS,15,4
2026-01-23,EURONEXT_LISBON,3,1
2026-01-23,EURONEXT_PARIS,49,8
2026-01-23,LSE,69,23
2026-01-23,OMX_COPENHAGEN,23,8
2026-01-23,OMX_HELSINKI,18,8
2026-01-23,OMX_STOCKHOLM,38,7
2026-01-23,OSLO,17,4
2026-01-23,SIX,30,3
2026-01-23,XETRA,63,10
2026-01-26,BME_MADRID,23,11
2026-01-26,BORSA_ITALIANA,31,13
2026-01-26,EURONEXT_AMSTERDAM,28,10
2026-01-26,EURONEXT_BRUSSELS,15,4
2026-01-26,EURONEXT_LISBON,3,1
2026-01-26,EURONEXT_PARIS,49,7
2026-01-26,LSE,69,24
2026-01-26,OMX_COPENHAGEN,23,8
2026-01-26,OMX_HELSINKI,18,8
2026-01-26,OMX_STOCKHOLM,38,7
2026-01-26,OSLO,17,5
2026-01-26,SIX,30,3
2026-01-26,XETRA,63,12
2026-01-27,BME_MADRID,23,12
2026-01-27,BORSA_ITALIANA,31,13
2026-01-27,EURONEXT_AMSTERDAM,28,10
2026-01-27,EURONEXT_BRUSSELS,15,4
2026-01-27,EURONEXT_LISBON,3,1
2026-01-27,EURONEXT_PARIS,49,7
2026-01-27,LSE,69,24
2026-01-27,OMX_COPENHAGEN,23,8
2026-01-27,OMX_HELSINKI,18,8
2026-01-27,OMX_STOCKHOLM,38,9
2026-01-27,OSLO,17,4
2026-01-27,SIX,30,3
2026-01-27,XETRA,63,12
2026-01-28,BME_MADRID,23,12
2026-01-28,BORSA_ITALIANA,31,14
2026-01-28,EURONEXT_AMSTERDAM,28,10
2026-01-28,EURONEXT_BRUSSELS,15,4
2026-01-28,EURONEXT_LISBON,3,1
2026-01-28,EURONEXT_PARIS,49,7
2026-01-28,LSE,69,21
2026-01-28,OMX_COPENHAGEN,23,7
2026-01-28,OMX_HELSINKI,18,8
2026-01-28,OMX_STOCKHOLM,38,8
2026-01-28,OSLO,17,4
2026-01-28,SIX,30,3
2026-01-28,XETRA,63,14
2026-01-29,BME_MADRID,23,11
2026-01-29,BORSA_ITALIANA,31,13
2026-01-29,EURONEXT_AMSTERDAM,28,9
2026-01-29,EURONEXT_BRUSSELS,15,4
2026-01-29,EURONEXT_LISBON,3,1
2026-01-29,EURONEXT_PARIS,49,7
2026-01-29,LSE,69,20
2026-01-29,OMX_COPENHAGEN,23,8
2026-01-29,OMX_HELSINKI,18,6
2026-01-29,OMX_STOCKHOLM,38,7
2026-01-29,OSLO,17,6
2026-01-29,SIX,30,4
2026-01-29,XETRA,63,14
2026-01-30,BME_MADRID,23,13
2026-01-30,BORSA_ITALIANA,31,14
2026-01-30,EURONEXT_AMSTERDAM,28,9
2026-01-30,EURONEXT_BRUSSELS,15,4
2026-01-30,EURONEXT_LISBON,3,1
2026-01-30,EURONEXT_PARIS,49,8
2026-01-30,LSE,69,20
2026-01-30,OMX_COPENHAGEN,23,8
2026-01-30,OMX_HELSINKI,18,6
2026-01-30,OMX_STOCKHOLM,38,8
2026-01-30,OSLO,17,6
2026-01-30,SIX,30,5
2026-01-30,XETRA,63,13
2026-02-02,BME_MADRID,23,12
2026-02-02,BORSA_ITALIANA,31,14
2026-02-02,EURONEXT_AMSTERDAM,28,10
2026-02-02,EURONEXT_BRUSSELS,15,4
2026-02-02,EURONEXT_LISBON,3,1
2026-02-02,EURONEXT_PARIS,49,8
2026-02-02,LSE,71,22
2026-02-02,OMX_COPENHAGEN,23,8
2026-02-02,OMX_HELSINKI,18,7
2026-02-02,OMX_STOCKHOLM,38,7
2026-02-02,OSLO,17,4
2026-02-02,SIX,30,4
2026-02-02,XETRA,63,16
2026-02-03,BME_MADRID,23,11
2026-02-03,BORSA_ITALIANA,31,15
2026-02-03,EURONEXT_AMSTERDAM,28,10
2026-02-03,EURONEXT_BRUSSELS,15,4
2026-02-03,EURONEXT_LISBON,3,1
2026-02-03,EURONEXT_PARIS,49,8
2026-02-03,LSE,71,22
2026-02-03,OMX_COPENHAGEN,23,8
2026-02-03,OMX_HELSINKI,18,7
2026-02-03,OMX_STOCKHOLM,38,7
2026-02-03,OSLO,17,3
2026-02-03,SIX,30,5
2026-02-03,XETRA,63,13
2026-02-04,BME_MADRID,23,12
2026-02-04,BORSA_ITALIANA,31,16
2026-02-04,EURONEXT_AMSTERDAM,28,10
2026-02-04,EURONEXT_BRUSSELS,15,4
2026-02-04,EURONEXT_LISBON,3,1
2026-02-04,EURONEXT_PARIS,49,7
2026-02-04,LSE,71,21
2026-02-04,OMX_COPENHAGEN,23,7
2026-02-04,OMX_HELSINKI,18,7
2026-02-04,OMX_STOCKHOLM,38,9
2026-02-04,OSLO,17,4
2026-02-04,SIX,30,4
2026-02-04,XETRA,63,11
2026-02-05,BME_MADRID,23,10
2026-02-05,BORSA_ITALIANA,31,15
2026-02-05,EURONEXT_AMSTERDAM,28,10
2026-02-05,EURONEXT_BRUSSELS,15,4
2026-02-05,EURONEXT_LISBON,3,1
2026-02-05,EURONEXT_PARIS,49,7
2026-02-05,LSE,70,20
2026-02-05,OMX_COPENHAGEN,23,7
2026-02-05,OMX_HELSINKI,18,6
2026-02-05,OMX_STOCKHOLM,38,9
2026-02-05,OSLO,17,6
2026-02-05,SIX,30,4
2026-02-05,XETRA,63,9
2026-02-06,BME_MADRID,23,12
2026-02-06,BORSA_ITALIANA,31,14
2026-02-06,EURONEXT_AMSTERDAM,28,10
2026-02-06,EURONEXT_BRUSSELS,15,4
2026-02-06,EURONEXT_LISBON,3,1
2026-02-06,EURONEXT_PARIS,49,7
2026-02-06,LSE,71,20
2026-02-06,OMX_COPENHAGEN,23,6
2026-02-06,OMX_HELSINKI,18,6
2026-02-06,OMX_STOCKHOLM,38,10
2026-02-06,OSLO,17,5
2026-02-06,SIX,30,4
2026-02-06,XETRA,63,9
2026-02-09,BME_MADRID,23,12
2026-02-09,BORSA_ITALIANA,31,15
2026-02-09,EURONEXT_AMSTERDAM,28,10
2026-02-09,EURONEXT_BRUSSELS,15,4
2026-02-09,EURONEXT_LISBON,3,1
2026-02-09,EURONEXT_PARIS,49,7
2026-02-09,LSE,71,18
2026-02-09,OMX_COPENHAGEN,23,5
2026-02-09,OMX_HELSINKI,18,6
2026-02-09,OMX_STOCKHOLM,38,10
2026-02-09,OSLO,17,5
2026-02-09,SIX,30,4
2026-02-09,XETRA,63,10
2026-02-10,BME_MADRID,23,11
2026-02-10,BORSA_ITALIANA,31,14
2026-02-10,EURONEXT_AMSTERDAM,28,10
2026-02-10,EURONEXT_BRUSSELS,15,4
2026-02-10,EURONEXT_LISBON,3,1
2026-02-10,EURONEXT_PARIS,49,7
2026-02-10,LSE,71,18
2026-02-10,OMX_COPENHAGEN,23,6
2026-02-10,OMX_HELSINKI,19,8
2026-02-10,OMX_STOCKHOLM,38,10
2026-02-10,OSLO,17,5
2026-02-10,SIX,30,4
2026-02-10,XETRA,63,10
2026-02-11,BME_MADRID,23,10
2026-02-11,BORSA_ITALIANA,31,13
2026-02-11,EURONEXT_AMSTERDAM,28,9
2026-02-11,EURONEXT_BRUSSELS,15,4
2026-02-11,EURONEXT_LISBON,3,1
2026-02-11,EURONEXT_PARIS,49,7
2026-02-11,LSE,70,18
2026-02-11,OMX_COPENHAGEN,23,5
2026-02-11,OMX_HELSINKI,19,9
2026-02-11,OMX_STOCKHOLM,38,10
2026-02-11,OSLO,18,6
2026-02-11,SIX,30,4
2026-02-11,XETRA,63,9
2026-02-12,BME_MADRID,23,9
2026-02-12,BORSA_ITALIANA,31,12
2026-02-12,EURONEXT_AMSTERDAM,28,9
2026-02-12,EURONEXT_BRUSSELS,15,4
2026-02-12,EURONEXT_LISBON,3,1
2026-02-12,EURONEXT_PARIS,49,7
2026-02-12,LSE,71,15
2026-02-12,OMX_COPENHAGEN,23,5
2026-02-12,OMX_HELSINKI,18,7
2026-02-12,OMX_STOCKHOLM,38,9
2026-02-12,OSLO,18,6
2026-02-12,SIX,30,5
2026-02-12,XETRA,63,9
2026-02-13,BME_MADRID,23,8
2026-02-13,BORSA_ITALIANA,31,10
2026-02-13,EURONEXT_AMSTERDAM,28,8
2026-02-13,EURONEXT_BRUSSELS,15,4
2026-02-13,EURONEXT_LISBON,3,1
2026-02-13,EURONEXT_PARIS,49,6
2026-02-13,LSE,71,19
2026-02-13,OMX_COPENHAGEN,23,5
2026-02-13,OMX_HELSINKI,19,8
2026-02-13,OMX_STOCKHOLM,38,8
2026-02-13,OSLO,18,5
2026-02-13,SIX,30,5
2026-02-13,XETRA,63,10
2026-02-16,BME_MADRID,23,9
2026-02-16,BORSA_ITALIANA,31,11
2026-02-16,EURONEXT_AMSTERDAM,28,8
2026-02-16,EURONEXT_BRUSSELS,15,6
2026-02-16,EURONEXT_LISBON,3,1
2026-02-16,EURONEXT_PARIS,49,7
2026-02-16,LSE,70,18
2026-02-16,OMX_COPENHAGEN,23,4
2026-02-16,OMX_HELSINKI,19,7
2026-02-16,OMX_STOCKHOLM,38,8
2026-02-16,OSLO,18,6
2026-02-16,SIX,30,5
2026-02-16,XETRA,63,11
2026-02-17,BME_MADRID,23,9
2026-02-17,BORSA_ITALIANA,31,11
2026-02-17,EURONEXT_AMSTERDAM,28,9
2026-02-17,EURONEXT_BRUSSELS,15,5
2026-02-17,EURONEXT_LISBON,3,1
2026-02-17,EURONEXT_PARIS,49,8
2026-02-17,LSE,71,19
2026-02-17,OMX_COPENHAGEN,23,5
2026-02-17,OMX_HELSINKI,18,7
2026-02-17,OMX_STOCKHOLM,38,8
2026-02-17,OSLO,18,5
2026-02-17,SIX,30,5
2026-02-17,XETRA,62,10
2026-02-18,BME_MADRID,23,11
2026-02-18,BORSA_ITALIANA,31,12
2026-02-18,EURONEXT_AMSTERDAM,28,9
2026-02-18,EURONEXT_BRUSSELS,15,6
2026-02-18,EURONEXT_LISBON,3,1
2026-02-18,EURONEXT_PARIS,49,8
2026-02-18,LSE,71,18
2026-02-18,OMX_COPENHAGEN,23,5
2026-02-18,OMX_HELSINKI,19,9
2026-02-18,OMX_STOCKHOLM,38,8
2026-02-18,OSLO,18,6
2026-02-18,SIX,30,5
2026-02-18,XETRA,63,12
2026-02-19,BME_MADRID,23,11
2026-02-19,BORSA_ITALIANA,31,10
2026-02-19,EURONEXT_AMSTERDAM,28,9
2026-02-19,EURONEXT_BRUSSELS,15,5
2026-02-19,EURONEXT_LISBON,3,1
2026-02-19,EURONEXT_PARIS,49,9
2026-02-19,LSE,71,16
2026-02-19,OMX_COPENHAGEN,23,4
2026-02-19,OMX_HELSINKI,19,9
2026-02-19,OMX_STOCKHOLM,38,8
2026-02-19,OSLO,18,7
2026-02-19,SIX,30,5
2026-02-19,XETRA,64,12
2026-02-20,BME_MADRID,23,12
2026-02-20,BORSA_ITALIANA,31,12
2026-02-20,EURONEXT_AMSTERDAM,28,9
2026-02-20,EURONEXT_BRUSSELS,15,5
2026-02-20,EURONEXT_LISBON,3,1
2026-02-20,EURONEXT_PARIS,49,8
2026-02-20,LSE,71,15
2026-02-20,OMX_COPENHAGEN,23,5
2026-02-20,OMX_HELSINKI,19,8
2026-02-20,OMX_STOCKHOLM,38,8
2026-02-20,OSLO,18,6
2026-02-20,SIX,30,5
2026-02-20,XETRA,63,12
2026-02-23,BME_MADRID,23,12
2026-02-23,BORSA_ITALIANA,31,13
2026-02-23,EURONEXT_AMSTERDAM,28,9
2026-02-23,EURONEXT_BRUSSELS,15,4
2026-02-23,EURONEXT_LISBON,3,1
2026-02-23,EURONEXT_PARIS,49,11
2026-02-23,LSE,70,15
2026-02-23,OMX_COPENHAGEN,23,3
2026-02-23,OMX_HELSINKI,19,8
2026-02-23,OMX_STOCKHOLM,38,9
2026-02-23,OSLO,18,6
2026-02-23,SIX,30,5
2026-02-23,XETRA,63,10
2026-02-24,BME_MADRID,23,11
2026-02-24,BORSA_ITALIANA,31,12
2026-02-24,EURONEXT_AMSTERDAM,28,9
2026-02-24,EURONEXT_BRUSSELS,15,3
2026-02-24,EURONEXT_LISBON,3,1
2026-02-24,EURONEXT_PARIS,50,11
2026-02-24,LSE,70,15
2026-02-24,OMX_COPENHAGEN,23,3
2026-02-24,OMX_HELSINKI,19,8
2026-02-24,OMX_STOCKHOLM,38,9
2026-02-24,OSLO,18,6
2026-02-24,SIX,30,5
2026-02-24,XETRA,63,10
2026-02-25,BME_MADRID,23,9
2026-02-25,BORSA_ITALIANA,31,13
2026-02-25,EURONEXT_AMSTERDAM,28,9
2026-02-25,EURONEXT_BRUSSELS,15,3
2026-02-25,EURONEXT_LISBON,3,1
2026-02-25,EURONEXT_PARIS,49,11
2026-02-25,LSE,70,16
2026-02-25,OMX_COPENHAGEN,23,5
2026-02-25,OMX_HELSINKI,19,8
2026-02-25,OMX_STOCKHOLM,38,10
2026-02-25,OSLO,18,6
2026-02-25,SIX,30,5
2026-02-25,XETRA,63,11
2026-02-26,BME_MADRID,23,12
2026-02-26,BORSA_ITALIANA,31,12
2026-02-26,EURONEXT_AMSTERDAM,28,8
2026-02-26,EURONEXT_BRUSSELS,15,2
2026-02-26,EURONEXT_LISBON,3,1
2026-02-26,EURONEXT_PARIS,49,11
2026-02-26,LSE,71,19
2026-02-26,OMX_COPENHAGEN,23,4
2026-02-26,OMX_HELSINKI,19,8
2026-02-26,OMX_STOCKHOLM,38,10
2026-02-26,OSLO,18,6
2026-02-26,SIX,30,5
2026-02-26,XETRA,63,11
2026-02-27,BME_MADRID,23,10
2026-02-27,BORSA_ITALIANA,31,11
2026-02-27,EURONEXT_AMSTERDAM,28,8
2026-02-27,EURONEXT_BRUSSELS,16,2
2026-02-27,EURONEXT_LISBON,3,1
2026-02-27,EURONEXT_PARIS,48,11
2026-02-27,LSE,70,20
2026-02-27,OMX_COPENHAGEN,23,4
2026-02-27,OMX_HELSINKI,19,8
2026-02-27,OMX_STOCKHOLM,38,10
2026-02-27,OSLO,18,6
2026-02-27,SIX,30,5
2026-02-27,XETRA,63,9
2026-03-02,BME_MADRID,23,8
2026-03-02,BORSA_ITALIANA,31,10
2026-03-02,EURONEXT_AMSTERDAM,28,7
2026-03-02,EURONEXT_BRUSSELS,16,3
2026-03-02,EURONEXT_LISBON,3,1
2026-03-02,EURONEXT_PARIS,48,11
2026-03-02,LSE,70,19
2026-03-02,OMX_COPENHAGEN,23,3
2026-03-02,OMX_HELSINKI,19,7
2026-03-02,OMX_STOCKHOLM,38,10
2026-03-02,OSLO,18,7
2026-03-02,SIX,30,4
2026-03-02,XETRA,63,8
2026-03-03,BME_MADRID,23,7
2026-03-03,BORSA_ITALIANA,31,8
2026-03-03,EURONEXT_AMSTERDAM,28,5
2026-03-03,EURONEXT_BRUSSELS,16,4
2026-03-03,EURONEXT_LISBON,3,1
2026-03-03,EURONEXT_PARIS,48,7
2026-03-03,LSE,69,22
2026-03-03,OMX_COPENHAGEN,23,2
2026-03-03,OMX_HELSINKI,19,6
2026-03-03,OMX_STOCKHOLM,38,7
2026-03-03,OSLO,18,6
2026-03-03,SIX,30,4
2026-03-03,XETRA,63,6
2026-03-04,BME_MADRID,23,7
2026-03-04,BORSA_ITALIANA,31,9
2026-03-04,EURONEXT_AMSTERDAM,28,7
2026-03-04,EURONEXT_BRUSSELS,16,3
2026-03-04,EURONEXT_LISBON,3,1
2026-03-04,EURONEXT_PARIS,48,7
2026-03-04,LSE,69,20
2026-03-04,OMX_COPENHAGEN,23,4
2026-03-04,OMX_HELSINKI,19,6
2026-03-04,OMX_STOCKHOLM,38,9
2026-03-04,OSLO,18,7
2026-03-04,SIX,30,4
2026-03-04,XETRA,63,6
2026-03-05,BME_MADRID,23,7
2026-03-05,BORSA_ITALIANA,31,9
2026-03-05,EURONEXT_AMSTERDAM,28,6
2026-03-05,EURONEXT_BRUSSELS,16,2
2026-03-05,EURONEXT_LISBON,4,2
2026-03-05,EURONEXT_PARIS,48,5
2026-03-05,LSE,68,19
2026-03-05,OMX_COPENHAGEN,23,3
2026-03-05,OMX_HELSINKI,19,6
2026-03-05,OMX_STOCKHOLM,38,7
2026-03-05,OSLO,18,7
2026-03-05,SIX,30,4
2026-03-05,XETRA,63,6
2026-03-06,BME_MADRID,23,7
2026-03-06,BORSA_ITALIANA,31,10
2026-03-06,EURONEXT_AMSTERDAM,28,3
2026-03-06,EURONEXT_BRUSSELS,16,3
2026-03-06,EURONEXT_LISBON,4,2
2026-03-06,EURONEXT_PARIS,48,6
2026-03-06,LSE,68,16
2026-03-06,OMX_COPENHAGEN,23,2
2026-03-06,OMX_HELSINKI,19,5
2026-03-06,OMX_STOCKHOLM,38,7
2026-03-06,OSLO,18,6
2026-03-06,SIX,30,4
2026-03-06,XETRA,63,5
2026-03-09,BME_MADRID,23,7
2026-03-09,BORSA_ITALIANA,31,9
2026-03-09,EURONEXT_AMSTERDAM,28,2
2026-03-09,EURONEXT_BRUSSELS,16,3
2026-03-09,EURONEXT_LISBON,3,1
2026-03-09,EURONEXT_PARIS,48,5
2026-03-09,LSE,68,13
2026-03-09,OMX_COPENHAGEN,23,1
2026-03-09,OMX_HELSINKI,18,4
2026-03-09,OMX_STOCKHOLM,37,5
2026-03-09,OSLO,18,6
2026-03-09,SIX,30,4
2026-03-09,XETRA,63,4
2026-03-10,BME_MADRID,23,7
2026-03-10,BORSA_ITALIANA,31,9
2026-03-10,EURONEXT_AMSTERDAM,28,7
2026-03-10,EURONEXT_BRUSSELS,16,4
2026-03-10,EURONEXT_LISBON,3,1
2026-03-10,EURONEXT_PARIS,48,6
2026-03-10,LSE,68,15
2026-03-10,OMX_COPENHAGEN,23,2
2026-03-10,OMX_HELSINKI,19,4
2026-03-10,OMX_STOCKHOLM,37,8
2026-03-10,OSLO,18,7
2026-03-10,SIX,30,4
2026-03-10,XETRA,63,5
2026-03-11,BME_MADRID,23,7
2026-03-11,BORSA_ITALIANA,31,9
2026-03-11,EURONEXT_AMSTERDAM,28,6
2026-03-11,EURONEXT_BRUSSELS,16,3
2026-03-11,EURONEXT_LISBON,3,2
2026-03-11,EURONEXT_PARIS,48,6
2026-03-11,LSE,68,17
2026-03-11,OMX_COPENHAGEN,23,1
2026-03-11,OMX_HELSINKI,18,3
2026-03-11,OMX_STOCKHOLM,37,6
2026-03-11,OSLO,18,7
2026-03-11,SIX,30,4
2026-03-11,XETRA,63,5
2026-03-12,BME_MADRID,23,7
2026-03-12,BORSA_ITALIANA,31,8
2026-03-12,EURONEXT_AMSTERDAM,28,5
2026-03-12,EURONEXT_BRUSSELS,16,3
2026-03-12,EURONEXT_LISBON,3,2
2026-03-12,EURONEXT_PARIS,48,6
2026-03-12,LSE,68,16
2026-03-12,OMX_COPENHAGEN,23,1
2026-03-12,OMX_HELSINKI,18,3
2026-03-12,OMX_STOCKHOLM,37,8
2026-03-12,OSLO,18,6
2026-03-12,SIX,30,4
2026-03-12,XETRA,63,6
2026-03-13,BME_MADRID,23,7
2026-03-13,BORSA_ITALIANA,30,7
2026-03-13,EURONEXT_AMSTERDAM,28,4
2026-03-13,EURONEXT_BRUSSELS,16,3
2026-03-13,EURONEXT_LISBON,3,2
2026-03-13,EURONEXT_PARIS,48,6
2026-03-13,LSE,68,16
2026-03-13,OMX_COPENHAGEN,23,1
2026-03-13,OMX_HELSINKI,18,3
2026-03-13,OMX_STOCKHOLM,37,4
2026-03-13,OSLO,18,6
2026-03-13,SIX,30,4
2026-03-13,XETRA,63,4
2026-03-16,BME_MADRID,23,7
2026-03-16,BORSA_ITALIANA,30,9
2026-03-16,EURONEXT_AMSTERDAM,28,4
2026-03-16,EURONEXT_BRUSSELS,16,3
2026-03-16,EURONEXT_LISBON,3,2
2026-03-16,EURONEXT_PARIS,48,6
2026-03-16,LSE,68,15
2026-03-16,OMX_COPENHAGEN,23,1
2026-03-16,OMX_HELSINKI,18,3
2026-03-16,OMX_STOCKHOLM,37,4
2026-03-16,OSLO,18,8
2026-03-16,SIX,30,4
2026-03-16,XETRA,63,3
2026-03-17,BME_MADRID,23,7
2026-03-17,BORSA_ITALIANA,30,10
2026-03-17,EURONEXT_AMSTERDAM,28,4
2026-03-17,EURONEXT_BRUSSELS,16,3
2026-03-17,EURONEXT_LISBON,3,2
2026-03-17,EURONEXT_PARIS,49,6
2026-03-17,LSE,68,16
2026-03-17,OMX_COPENHAGEN,23,1
2026-03-17,OMX_HELSINKI,18,3
2026-03-17,OMX_STOCKHOLM,37,4
2026-03-17,OSLO,18,7
2026-03-17,SIX,30,5
2026-03-17,XETRA,63,6
2026-03-18,BME_MADRID,24,8
2026-03-18,BORSA_ITALIANA,31,9
2026-03-18,EURONEXT_AMSTERDAM,28,5
2026-03-18,EURONEXT_BRUSSELS,16,3
2026-03-18,EURONEXT_LISBON,3,2
2026-03-18,EURONEXT_PARIS,48,7
2026-03-18,LSE,68,14
2026-03-18,OMX_COPENHAGEN,23,3
2026-03-18,OMX_HELSINKI,18,3
2026-03-18,OMX_STOCKHOLM,37,4
2026-03-18,OSLO,18,7
2026-03-18,SIX,30,4
2026-03-18,XETRA,63,5
2026-03-19,BME_MADRID,24,7
2026-03-19,BORSA_ITALIANA,30,6
2026-03-19,EURONEXT_AMSTERDAM,28,3
2026-03-19,EURONEXT_BRUSSELS,16,2
2026-03-19,EURONEXT_LISBON,3,2
2026-03-19,EURONEXT_PARIS,48,6
2026-03-19,LSE,68,12
2026-03-19,OMX_COPENHAGEN,23,1
2026-03-19,OMX_HELSINKI,18,3
2026-03-19,OMX_STOCKHOLM,37,3
2026-03-19,OSLO,18,5
2026-03-19,SIX,30,2
2026-03-19,XETRA,63,3
2026-03-20,BME_MADRID,24,6
2026-03-20,BORSA_ITALIANA,30,4
2026-03-20,EURONEXT_AMSTERDAM,28,2
2026-03-20,EURONEXT_BRUSSELS,16,1
2026-03-20,EURONEXT_LISBON,3,1
2026-03-20,EURONEXT_PARIS,48,5
2026-03-20,LSE,68,12
2026-03-20,OMX_COPENHAGEN,23,1
2026-03-20,OMX_HELSINKI,18,3
2026-03-20,OMX_STOCKHOLM,37,2
2026-03-20,OSLO,18,5
2026-03-20,SIX,30,1
2026-03-20,XETRA,63,3
2026-03-23,BME_MADRID,24,6
2026-03-23,BORSA_ITALIANA,30,5
2026-03-23,EURONEXT_AMSTERDAM,28,2
2026-03-23,EURONEXT_BRUSSELS,16,0
2026-03-23,EURONEXT_LISBON,3,1
2026-03-23,EURONEXT_PARIS,48,5
2026-03-23,LSE,67,10
2026-03-23,OMX_COPENHAGEN,23,1
2026-03-23,OMX_HELSINKI,18,3
2026-03-23,OMX_STOCKHOLM,37,2
2026-03-23,OSLO,18,6
2026-03-23,SIX,30,2
2026-03-23,XETRA,63,3
2026-03-24,BME_MADRID,24,6
2026-03-24,BORSA_ITALIANA,30,3
2026-03-24,EURONEXT_AMSTERDAM,28,3
2026-03-24,EURONEXT_BRUSSELS,16,1
2026-03-24,EURONEXT_LISBON,3,1
2026-03-24,EURONEXT_PARIS,48,6
2026-03-24,LSE,67,10
2026-03-24,OMX_COPENHAGEN,23,1
2026-03-24,OMX_HELSINKI,18,3
2026-03-24,OMX_STOCKHOLM,37,2
2026-03-24,OSLO,18,6
2026-03-24,SIX,30,2
2026-03-24,XETRA,63,5
2026-03-25,BME_MADRID,24,7
2026-03-25,BORSA_ITALIANA,30,5
2026-03-25,EURONEXT_AMSTERDAM,28,4
2026-03-25,EURONEXT_BRUSSELS,16,2
2026-03-25,EURONEXT_LISBON,3,2
2026-03-25,EURONEXT_PARIS,49,6
2026-03-25,LSE,67,12
2026-03-25,OMX_COPENHAGEN,23,1
2026-03-25,OMX_HELSINKI,18,3
2026-03-25,OMX_STOCKHOLM,37,3
2026-03-25,OSLO,18,7
2026-03-25,SIX,30,4
2026-03-25,XETRA,63,5
2026-03-26,BME_MADRID,24,6
2026-03-26,BORSA_ITALIANA,30,4
2026-03-26,EURONEXT_AMSTERDAM,28,2
2026-03-26,EURONEXT_BRUSSELS,16,1
2026-03-26,EURONEXT_LISBON,3,2
2026-03-26,EURONEXT_PARIS,49,6
2026-03-26,LSE,67,10
2026-03-26,OMX_COPENHAGEN,23,2
2026-03-26,OMX_HELSINKI,18,3
2026-03-26,OMX_STOCKHOLM,37,2
2026-03-26,OSLO,18,7
2026-03-26,SIX,30,2
2026-03-26,XETRA,63,5
2026-03-27,BME_MADRID,24,6
2026-03-27,BORSA_ITALIANA,30,3
2026-03-27,EURONEXT_AMSTERDAM,28,1
2026-03-27,EURONEXT_BRUSSELS,16,0
2026-03-27,EURONEXT_LISBON,3,1
2026-03-27,EURONEXT_PARIS,49,6
2026-03-27,LSE,67,10
2026-03-27,OMX_COPENHAGEN,23,2
2026-03-27,OMX_HELSINKI,18,3
2026-03-27,OMX_STOCKHOLM,37,2
2026-03-27,OSLO,18,7
2026-03-27,SIX,30,2
2026-03-27,XETRA,63,4
2026-03-30,BME_MADRID,24,7
2026-03-30,BORSA_ITALIANA,30,5
2026-03-30,EURONEXT_AMSTERDAM,28,1
2026-03-30,EURONEXT_BRUSSELS,16,1
2026-03-30,EURONEXT_LISBON,4,3
2026-03-30,EURONEXT_PARIS,49,6
2026-03-30,LSE,67,15
2026-03-30,OMX_COPENHAGEN,23,4
2026-03-30,OMX_HELSINKI,18,4
2026-03-30,OMX_STOCKHOLM,37,3
2026-03-30,OSLO,18,7
2026-03-30,SIX,30,2
2026-03-30,XETRA,63,4
2026-03-31,BME_MADRID,24,7
2026-03-31,BORSA_ITALIANA,30,6
2026-03-31,EURONEXT_AMSTERDAM,28,2
2026-03-31,EURONEXT_BRUSSELS,16,1
2026-03-31,EURONEXT_LISBON,3,2
2026-03-31,EURONEXT_PARIS,49,6
2026-03-31,LSE,68,16
2026-03-31,OMX_COPENHAGEN,23,5
2026-03-31,OMX_HELSINKI,18,4
2026-03-31,OMX_STOCKHOLM,37,3
2026-03-31,OSLO,18,8
2026-03-31,SIX,30,2
2026-03-31,XETRA,63,5
2026-04-01,BME_MADRID,24,9
2026-04-01,BORSA_ITALIANA,31,8
2026-04-01,EURONEXT_AMSTERDAM,28,5
2026-04-01,EURONEXT_BRUSSELS,16,3
2026-04-01,EURONEXT_LISBON,4,3
2026-04-01,EURONEXT_PARIS,49,7
2026-04-01,LSE,67,15
2026-04-01,OMX_COPENHAGEN,23,6
2026-04-01,OMX_HELSINKI,18,4
2026-04-01,OMX_STOCKHOLM,37,8
2026-04-01,OSLO,18,8
2026-04-01,SIX,30,3
2026-04-01,XETRA,63,4
2026-04-02,BME_MADRID,24,8
2026-04-02,BORSA_ITALIANA,31,8
2026-04-02,EURONEXT_AMSTERDAM,28,5
2026-04-02,EURONEXT_BRUSSELS,16,4
2026-04-02,EURONEXT_LISBON,4,3
2026-04-02,EURONEXT_PARIS,49,7
2026-04-02,LSE,68,17
2026-04-02,OMX_COPENHAGEN,23,6
2026-04-02,OMX_HELSINKI,18,4
2026-04-02,OMX_STOCKHOLM,37,5
2026-04-02,OSLO,18,8
2026-04-02,SIX,30,2
2026-04-02,XETRA,63,4
2026-04-07,BME_MADRID,24,8
2026-04-07,BORSA_ITALIANA,31,7
2026-04-07,EURONEXT_AMSTERDAM,28,5
2026-04-07,EURONEXT_BRUSSELS,16,3
2026-04-07,EURONEXT_LISBON,4,3
2026-04-07,EURONEXT_PARIS,49,7
2026-04-07,LSE,68,19
2026-04-07,OMX_COPENHAGEN,23,6
2026-04-07,OMX_HELSINKI,18,4
2026-04-07,OMX_STOCKHOLM,37,5
2026-04-07,OSLO,18,8
2026-04-07,SIX,30,2
2026-04-07,XETRA,63,5
2026-04-08,BME_MADRID,24,12
2026-04-08,BORSA_ITALIANA,31,8
2026-04-08,EURONEXT_AMSTERDAM,28,10
2026-04-08,EURONEXT_BRUSSELS,16,5
2026-04-08,EURONEXT_LISBON,4,3
2026-04-08,EURONEXT_PARIS,49,11
2026-04-08,LSE,69,21
2026-04-08,OMX_COPENHAGEN,23,6
2026-04-08,OMX_HELSINKI,19,7
2026-04-08,OMX_STOCKHOLM,37,7
2026-04-08,OSLO,18,8
2026-04-08,SIX,30,3
2026-04-08,XETRA,64,8
2026-04-09,BME_MADRID,24,11
2026-04-09,BORSA_ITALIANA,31,10
2026-04-09,EURONEXT_AMSTERDAM,28,9
2026-04-09,EURONEXT_BRUSSELS,16,4
2026-04-09,EURONEXT_LISBON,4,3
2026-04-09,EURONEXT_PARIS,49,10
2026-04-09,LSE,69,22
2026-04-09,OMX_COPENHAGEN,23,6
2026-04-09,OMX_HELSINKI,19,6
2026-04-09,OMX_STOCKHOLM,37,7
2026-04-09,OSLO,18,8
2026-04-09,SIX,30,4
2026-04-09,XETRA,64,9
2026-04-10,BME_MADRID,24,11
2026-04-10,BORSA_ITALIANA,31,9
2026-04-10,EURONEXT_AMSTERDAM,28,9
2026-04-10,EURONEXT_BRUSSELS,16,4
2026-04-10,EURONEXT_LISBON,4,3
2026-04-10,EURONEXT_PARIS,49,11
2026-04-10,LSE,69,23
2026-04-10,OMX_COPENHAGEN,23,7
2026-04-10,OMX_HELSINKI,19,7
2026-04-10,OMX_STOCKHOLM,37,9
2026-04-10,OSLO,18,8
2026-04-10,SIX,30,3
2026-04-10,XETRA,64,9
2026-04-13,BME_MADRID,24,11
2026-04-13,BORSA_ITALIANA,31,11
2026-04-13,EURONEXT_AMSTERDAM,28,9
2026-04-13,EURONEXT_BRUSSELS,16,4
2026-04-13,EURONEXT_LISBON,4,3
2026-04-13,EURONEXT_PARIS,49,10
2026-04-13,LSE,69,20
2026-04-13,OMX_COPENHAGEN,23,6
2026-04-13,OMX_HELSINKI,19,7
2026-04-13,OMX_STOCKHOLM,37,10
2026-04-13,OSLO,18,9
2026-04-13,SIX,30,3
2026-04-13,XETRA,64,9
2026-04-14,BME_MADRID,24,11
2026-04-14,BORSA_ITALIANA,31,10
2026-04-14,EURONEXT_AMSTERDAM,28,9
2026-04-14,EURONEXT_BRUSSELS,16,5
2026-04-14,EURONEXT_LISBON,4,3
2026-04-14,EURONEXT_PARIS,49,10
2026-04-14,LSE,69,21
2026-04-14,OMX_COPENHAGEN,23,5
2026-04-14,OMX_HELSINKI,19,7
2026-04-14,OMX_STOCKHOLM,37,10
2026-04-14,OSLO,18,9
2026-04-14,SIX,30,3
2026-04-14,XETRA,63,8
2026-04-15,BME_MADRID,24,10
2026-04-15,BORSA_ITALIANA,31,10
2026-04-15,EURONEXT_AMSTERDAM,28,9
2026-04-15,EURONEXT_BRUSSELS,16,4
2026-04-15,EURONEXT_LISBON,4,2
2026-04-15,EURONEXT_PARIS,49,10
2026-04-15,LSE,69,20
2026-04-15,OMX_COPENHAGEN,23,7
2026-04-15,OMX_HELSINKI,19,6
2026-04-15,OMX_STOCKHOLM,37,10
2026-04-15,OSLO,18,8
2026-04-15,SIX,30,2
2026-04-15,XETRA,63,8
2026-04-16,BME_MADRID,24,12
2026-04-16,BORSA_ITALIANA,31,8
2026-04-16,EURONEXT_AMSTERDAM,28,9
2026-04-16,EURONEXT_BRUSSELS,16,3
2026-04-16,EURONEXT_LISBON,4,3
2026-04-16,EURONEXT_PARIS,49,9
2026-04-16,LSE,69,19
2026-04-16,OMX_COPENHAGEN,23,6
2026-04-16,OMX_HELSINKI,19,8
2026-04-16,OMX_STOCKHOLM,37,8
2026-04-16,OSLO,18,8
2026-04-16,SIX,30,2
2026-04-16,XETRA,63,8
2026-04-17,BME_MADRID,24,11
2026-04-17,BORSA_ITALIANA,31,9
2026-04-17,EURONEXT_AMSTERDAM,28,10
2026-04-17,EURONEXT_BRUSSELS,16,5
2026-04-17,EURONEXT_LISBON,4,1
2026-04-17,EURONEXT_PARIS,49,8
2026-04-17,LSE,69,19
2026-04-17,OMX_COPENHAGEN,23,7
2026-04-17,OMX_HELSINKI,19,6
2026-04-17,OMX_STOCKHOLM,37,8
2026-04-17,OSLO,18,7
2026-04-17,SIX,30,3
2026-04-17,XETRA,64,9
2026-04-20,BME_MADRID,24,11
2026-04-20,BORSA_ITALIANA,31,9
2026-04-20,EURONEXT_AMSTERDAM,28,10
2026-04-20,EURONEXT_BRUSSELS,16,4
2026-04-20,EURONEXT_LISBON,4,1
2026-04-20,EURONEXT_PARIS,49,9
2026-04-20,LSE,69,20
2026-04-20,OMX_COPENHAGEN,23,7
2026-04-20,OMX_HELSINKI,19,6
2026-04-20,OMX_STOCKHOLM,36,8
2026-04-20,OSLO,18,7
2026-04-20,SIX,30,4
2026-04-20,XETRA,64,9
2026-04-21,BME_MADRID,24,12
2026-04-21,BORSA_ITALIANA,31,8
2026-04-21,EURONEXT_AMSTERDAM,28,10
2026-04-21,EURONEXT_BRUSSELS,16,5
2026-04-21,EURONEXT_LISBON,4,2
2026-04-21,EURONEXT_PARIS,49,11
2026-04-21,LSE,69,15
2026-04-21,OMX_COPENHAGEN,23,6
2026-04-21,OMX_HELSINKI,19,6
2026-04-21,OMX_STOCKHOLM,37,8
2026-04-21,OSLO,18,7
2026-04-21,SIX,30,3
2026-04-21,XETRA,64,7
2026-04-22,BME_MADRID,24,13
2026-04-22,BORSA_ITALIANA,31,8
2026-04-22,EURONEXT_AMSTERDAM,28,9
2026-04-22,EURONEXT_BRUSSELS,16,5
2026-04-22,EURONEXT_LISBON,4,2
2026-04-22,EURONEXT_PARIS,49,9
2026-04-22,LSE,69,16
2026-04-22,OMX_COPENHAGEN,23,5
2026-04-22,OMX_HELSINKI,19,6
2026-04-22,OMX_STOCKHOLM,37,8
2026-04-22,OSLO,18,6
2026-04-22,SIX,30,2
2026-04-22,XETRA,64,7
2026-04-23,BME_MADRID,24,10
2026-04-23,BORSA_ITALIANA,31,8
2026-04-23,EURONEXT_AMSTERDAM,28,9
2026-04-23,EURONEXT_BRUSSELS,16,5
2026-04-23,EURONEXT_LISBON,4,2
2026-04-23,EURONEXT_PARIS,49,11
2026-04-23,LSE,69,16
2026-04-23,OMX_COPENHAGEN,23,4
2026-04-23,OMX_HELSINKI,19,8
2026-04-23,OMX_STOCKHOLM,36,8
2026-04-23,OSLO,18,6
2026-04-23,SIX,30,2
2026-04-23,XETRA,64,8
2026-04-24,BME_MADRID,24,10
2026-04-24,BORSA_ITALIANA,31,8
2026-04-24,EURONEXT_AMSTERDAM,28,8
2026-04-24,EURONEXT_BRUSSELS,16,4
2026-04-24,EURONEXT_LISBON,4,2
2026-04-24,EURONEXT_PARIS,49,12
2026-04-24,LSE,68,13
2026-04-24,OMX_COPENHAGEN,23,4
2026-04-24,OMX_HELSINKI,19,7
2026-04-24,OMX_STOCKHOLM,35,7
2026-04-24,OSLO,18,7
2026-04-24,SIX,30,3
2026-04-24,XETRA,64,9
2026-04-27,BME_MADRID,24,9
2026-04-27,BORSA_ITALIANA,31,8
2026-04-27,EURONEXT_AMSTERDAM,28,8
2026-04-27,EURONEXT_BRUSSELS,16,2
2026-04-27,EURONEXT_LISBON,4,2
2026-04-27,EURONEXT_PARIS,49,9
2026-04-27,LSE,69,13
2026-04-27,OMX_COPENHAGEN,23,5
2026-04-27,OMX_HELSINKI,19,7
2026-04-27,OMX_STOCKHOLM,35,7
2026-04-27,OSLO,18,6
2026-04-27,SIX,30,2
2026-04-27,XETRA,63,9
2026-04-28,BME_MADRID,24,12
2026-04-28,BORSA_ITALIANA,31,9
2026-04-28,EURONEXT_AMSTERDAM,28,5
2026-04-28,EURONEXT_BRUSSELS,16,4
2026-04-28,EURONEXT_LISBON,4,2
2026-04-28,EURONEXT_PARIS,49,9
2026-04-28,LSE,69,14
2026-04-28,OMX_COPENHAGEN,23,5
2026-04-28,OMX_HELSINKI,19,7
2026-04-28,OMX_STOCKHOLM,36,7
2026-04-28,OSLO,18,7
2026-04-28,SIX,30,2
2026-04-28,XETRA,63,9
2026-04-29,BME_MADRID,24,10
2026-04-29,BORSA_ITALIANA,31,9
2026-04-29,EURONEXT_AMSTERDAM,28,6
2026-04-29,EURONEXT_BRUSSELS,16,3
2026-04-29,EURONEXT_LISBON,4,3
2026-04-29,EURONEXT_PARIS,49,9
2026-04-29,LSE,69,14
2026-04-29,OMX_COPENHAGEN,23,4
2026-04-29,OMX_HELSINKI,19,6
2026-04-29,OMX_STOCKHOLM,36,9
2026-04-29,OSLO,18,8
2026-04-29,SIX,30,2
2026-04-29,XETRA,63,7
2026-04-30,BME_MADRID,24,11
2026-04-30,BORSA_ITALIANA,31,8
2026-04-30,EURONEXT_AMSTERDAM,28,8
2026-04-30,EURONEXT_BRUSSELS,16,4
2026-04-30,EURONEXT_LISBON,4,3
2026-04-30,EURONEXT_PARIS,49,10
2026-04-30,LSE,69,16
2026-04-30,OMX_COPENHAGEN,23,4
2026-04-30,OMX_HELSINKI,19,6
2026-04-30,OMX_STOCKHOLM,36,9
2026-04-30,OSLO,18,8
2026-04-30,SIX,30,3
2026-04-30,XETRA,63,10
2026-05-01,BME_MADRID,24,11
2026-05-01,BORSA_ITALIANA,31,8
2026-05-01,EURONEXT_AMSTERDAM,28,8
2026-05-01,EURONEXT_BRUSSELS,16,4
2026-05-01,EURONEXT_LISBON,4,3
2026-05-01,EURONEXT_PARIS,49,11
2026-05-01,LSE,69,13
2026-05-01,OMX_COPENHAGEN,23,4
2026-05-01,OMX_HELSINKI,19,6
2026-05-01,OMX_STOCKHOLM,36,9
2026-05-01,OSLO,18,8
2026-05-01,SIX,30,3
2026-05-01,XETRA,63,10
2026-05-04,BME_MADRID,24,7
2026-05-04,BORSA_ITALIANA,31,8
2026-05-04,EURONEXT_AMSTERDAM,28,7
2026-05-04,EURONEXT_BRUSSELS,16,3
2026-05-04,EURONEXT_LISBON,4,3
2026-05-04,EURONEXT_PARIS,49,9
2026-05-04,LSE,69,14
2026-05-04,OMX_COPENHAGEN,23,4
2026-05-04,OMX_HELSINKI,19,7
2026-05-04,OMX_STOCKHOLM,36,8
2026-05-04,OSLO,18,8
2026-05-04,SIX,30,2
2026-05-04,XETRA,63,7
2026-05-05,BME_MADRID,24,8
2026-05-05,BORSA_ITALIANA,31,8
2026-05-05,EURONEXT_AMSTERDAM,28,10
2026-05-05,EURONEXT_BRUSSELS,16,4
2026-05-05,EURONEXT_LISBON,4,3
2026-05-05,EURONEXT_PARIS,49,10
2026-05-05,LSE,68,13
2026-05-05,OMX_COPENHAGEN,23,4
2026-05-05,OMX_HELSINKI,19,7
2026-05-05,OMX_STOCKHOLM,36,9
2026-05-05,OSLO,18,8
2026-05-05,SIX,30,2
2026-05-05,XETRA,63,7
2026-05-06,BME_MADRID,24,10
2026-05-06,BORSA_ITALIANA,31,9
2026-05-06,EURONEXT_AMSTERDAM,28,10
2026-05-06,EURONEXT_BRUSSELS,16,4
2026-05-06,EURONEXT_LISBON,4,2
2026-05-06,EURONEXT_PARIS,49,14
2026-05-06,LSE,69,15
2026-05-06,OMX_COPENHAGEN,23,4
2026-05-06,OMX_HELSINKI,19,7
2026-05-06,OMX_STOCKHOLM,36,8
2026-05-06,OSLO,18,8
2026-05-06,SIX,30,3
2026-05-06,XETRA,63,9
2026-05-07,BME_MADRID,24,8
2026-05-07,BORSA_ITALIANA,31,6
2026-05-07,EURONEXT_AMSTERDAM,28,10
2026-05-07,EURONEXT_BRUSSELS,16,4
2026-05-07,EURONEXT_LISBON,4,2
2026-05-07,EURONEXT_PARIS,49,11
2026-05-07,LSE,69,16
2026-05-07,OMX_COPENHAGEN,23,4
2026-05-07,OMX_HELSINKI,19,6
2026-05-07,OMX_STOCKHOLM,36,8
2026-05-07,OSLO,18,6
2026-05-07,SIX,30,4
2026-05-07,XETRA,63,8
2026-05-08,BME_MADRID,24,9
2026-05-08,BORSA_ITALIANA,31,8
2026-05-08,EURONEXT_AMSTERDAM,28,10
2026-05-08,EURONEXT_BRUSSELS,16,4
2026-05-08,EURONEXT_LISBON,4,2
2026-05-08,EURONEXT_PARIS,49,10
2026-05-08,LSE,68,15
2026-05-08,OMX_COPENHAGEN,23,5
2026-05-08,OMX_HELSINKI,19,6
2026-05-08,OMX_STOCKHOLM,36,7
2026-05-08,OSLO,18,6
2026-05-08,SIX,30,4
2026-05-08,XETRA,63,8
2026-05-11,BME_MADRID,24,9
2026-05-11,BORSA_ITALIANA,31,9
2026-05-11,EURONEXT_AMSTERDAM,28,11
2026-05-11,EURONEXT_BRUSSELS,16,4
2026-05-11,EURONEXT_LISBON,4,2
2026-05-11,EURONEXT_PARIS,49,13
2026-05-11,LSE,68,16
2026-05-11,OMX_COPENHAGEN,23,5
2026-05-11,OMX_HELSINKI,19,6
2026-05-11,OMX_STOCKHOLM,36,7
2026-05-11,OSLO,18,6
2026-05-11,SIX,30,4
2026-05-11,XETRA,63,9
2026-05-12,BME_MADRID,24,9
2026-05-12,BORSA_ITALIANA,31,9
2026-05-12,EURONEXT_AMSTERDAM,28,11
2026-05-12,EURONEXT_BRUSSELS,16,5
2026-05-12,EURONEXT_LISBON,4,2
2026-05-12,EURONEXT_PARIS,49,10
2026-05-12,LSE,67,13
2026-05-12,OMX_COPENHAGEN,23,5
2026-05-12,OMX_HELSINKI,19,5
2026-05-12,OMX_STOCKHOLM,36,7
2026-05-12,OSLO,18,7
2026-05-12,SIX,30,5
2026-05-12,XETRA,63,9
2026-05-13,BME_MADRID,24,8
2026-05-13,BORSA_ITALIANA,31,9
2026-05-13,EURONEXT_AMSTERDAM,28,12
2026-05-13,EURONEXT_BRUSSELS,16,4
2026-05-13,EURONEXT_LISBON,4,2
2026-05-13,EURONEXT_PARIS,49,11
2026-05-13,LSE,67,15
2026-05-13,OMX_COPENHAGEN,23,5
2026-05-13,OMX_HELSINKI,19,6
2026-05-13,OMX_STOCKHOLM,36,8
2026-05-13,OSLO,18,7
2026-05-13,SIX,30,5
2026-05-13,XETRA,63,9
2026-05-14,BME_MADRID,24,8
2026-05-14,BORSA_ITALIANA,31,9
2026-05-14,EURONEXT_AMSTERDAM,28,12
2026-05-14,EURONEXT_BRUSSELS,16,5
2026-05-14,EURONEXT_LISBON,4,2
2026-05-14,EURONEXT_PARIS,49,10
2026-05-14,LSE,68,15
2026-05-14,OMX_COPENHAGEN,23,5
2026-05-14,OMX_HELSINKI,19,6
2026-05-14,OMX_STOCKHOLM,36,8
2026-05-14,OSLO,18,7
2026-05-14,SIX,30,5
2026-05-14,XETRA,63,7
2026-05-15,BME_MADRID,24,7
2026-05-15,BORSA_ITALIANA,31,9
2026-05-15,EURONEXT_AMSTERDAM,28,10
2026-05-15,EURONEXT_BRUSSELS,16,4
2026-05-15,EURONEXT_LISBON,4,2
2026-05-15,EURONEXT_PARIS,49,9
2026-05-15,LSE,67,14
2026-05-15,OMX_COPENHAGEN,23,5
2026-05-15,OMX_HELSINKI,19,6
2026-05-15,OMX_STOCKHOLM,36,8
2026-05-15,OSLO,18,8
2026-05-15,SIX,30,5
2026-05-15,XETRA,63,7
2026-05-18,BME_MADRID,24,8
2026-05-18,BORSA_ITALIANA,31,9
2026-05-18,EURONEXT_AMSTERDAM,28,10
2026-05-18,EURONEXT_BRUSSELS,16,4
2026-05-18,EURONEXT_LISBON,4,3
2026-05-18,EURONEXT_PARIS,49,10
2026-05-18,LSE,67,15
2026-05-18,OMX_COPENHAGEN,23,5
2026-05-18,OMX_HELSINKI,19,7
2026-05-18,OMX_STOCKHOLM,36,8
2026-05-18,OSLO,18,8
2026-05-18,SIX,30,5
2026-05-18,XETRA,63,7
2026-05-19,BME_MADRID,24,7
2026-05-19,BORSA_ITALIANA,31,9
2026-05-19,EURONEXT_AMSTERDAM,28,10
2026-05-19,EURONEXT_BRUSSELS,16,4
2026-05-19,EURONEXT_LISBON,4,3
2026-05-19,EURONEXT_PARIS,49,9
2026-05-19,LSE,67,14
2026-05-19,OMX_COPENHAGEN,23,5
2026-05-19,OMX_HELSINKI,19,6
2026-05-19,OMX_STOCKHOLM,36,8
2026-05-19,OSLO,18,8
2026-05-19,SIX,30,6
2026-05-19,XETRA,63,7
2026-05-20,BME_MADRID,24,8
2026-05-20,BORSA_ITALIANA,31,8
2026-05-20,EURONEXT_AMSTERDAM,28,10
2026-05-20,EURONEXT_BRUSSELS,16,4
2026-05-20,EURONEXT_LISBON,4,3
2026-05-20,EURONEXT_PARIS,49,12
2026-05-20,LSE,68,15
2026-05-20,OMX_COPENHAGEN,23,6
2026-05-20,OMX_HELSINKI,19,7
2026-05-20,OMX_STOCKHOLM,35,9
2026-05-20,OSLO,18,8
2026-05-20,SIX,30,6
2026-05-20,XETRA,63,7
2026-05-21,BME_MADRID,24,7
2026-05-21,BORSA_ITALIANA,31,8
2026-05-21,EURONEXT_AMSTERDAM,28,11
2026-05-21,EURONEXT_BRUSSELS,16,4
2026-05-21,EURONEXT_LISBON,4,3
2026-05-21,EURONEXT_PARIS,49,12
2026-05-21,LSE,68,14
2026-05-21,OMX_COPENHAGEN,23,7
2026-05-21,OMX_HELSINKI,19,7
2026-05-21,OMX_STOCKHOLM,35,9
2026-05-21,OSLO,18,8
2026-05-21,SIX,30,5
2026-05-21,XETRA,63,7
2026-05-22,BME_MADRID,24,7
2026-05-22,BORSA_ITALIANA,31,8
2026-05-22,EURONEXT_AMSTERDAM,28,11
2026-05-22,EURONEXT_BRUSSELS,16,4
2026-05-22,EURONEXT_LISBON,4,2
2026-05-22,EURONEXT_PARIS,49,12
2026-05-22,LSE,69,16
2026-05-22,OMX_COPENHAGEN,23,6
2026-05-22,OMX_HELSINKI,19,7
2026-05-22,OMX_STOCKHOLM,36,9
2026-05-22,OSLO,18,7
2026-05-22,SIX,30,4
2026-05-22,XETRA,63,9
2026-05-25,BME_MADRID,24,7
2026-05-25,BORSA_ITALIANA,31,9
2026-05-25,EURONEXT_AMSTERDAM,28,11
2026-05-25,EURONEXT_BRUSSELS,16,5
2026-05-25,EURONEXT_LISBON,4,2
2026-05-25,EURONEXT_PARIS,49,13
2026-05-25,LSE,69,15
2026-05-25,OMX_COPENHAGEN,23,6
2026-05-25,OMX_HELSINKI,19,6
2026-05-25,OMX_STOCKHOLM,36,9
2026-05-25,OSLO,18,7
2026-05-25,SIX,30,3
2026-05-25,XETRA,63,10
2026-05-26,BME_MADRID,24,7
2026-05-26,BORSA_ITALIANA,31,8
2026-05-26,EURONEXT_AMSTERDAM,28,11
2026-05-26,EURONEXT_BRUSSELS,16,5
2026-05-26,EURONEXT_LISBON,4,2
2026-05-26,EURONEXT_PARIS,49,14
2026-05-26,LSE,69,15
2026-05-26,OMX_COPENHAGEN,23,6
2026-05-26,OMX_HELSINKI,19,7
2026-05-26,OMX_STOCKHOLM,36,9
2026-05-26,OSLO,18,6
2026-05-26,SIX,30,4
2026-05-26,XETRA,63,9
2026-05-27,BME_MADRID,24,8
2026-05-27,BORSA_ITALIANA,31,8
2026-05-27,EURONEXT_AMSTERDAM,28,11
2026-05-27,EURONEXT_BRUSSELS,16,4
2026-05-27,EURONEXT_LISBON,4,2
2026-05-27,EURONEXT_PARIS,49,11
2026-05-27,LSE,69,14
2026-05-27,OMX_COPENHAGEN,23,5
2026-05-27,OMX_HELSINKI,19,6
2026-05-27,OMX_STOCKHOLM,37,10
2026-05-27,OSLO,18,4
2026-05-27,SIX,30,4
2026-05-27,XETRA,63,8
2026-05-28,BME_MADRID,24,7
2026-05-28,BORSA_ITALIANA,31,9
2026-05-28,EURONEXT_AMSTERDAM,28,11
2026-05-28,EURONEXT_BRUSSELS,16,4
2026-05-28,EURONEXT_LISBON,4,2
2026-05-28,EURONEXT_PARIS,49,9
2026-05-28,LSE,69,14
2026-05-28,OMX_COPENHAGEN,23,5
2026-05-28,OMX_HELSINKI,19,7
2026-05-28,OMX_STOCKHOLM,37,8
2026-05-28,OSLO,18,4
2026-05-28,SIX,30,5
2026-05-28,XETRA,63,8
2026-05-29,BME_MADRID,24,8
2026-05-29,BORSA_ITALIANA,31,11
2026-05-29,EURONEXT_AMSTERDAM,28,10
2026-05-29,EURONEXT_BRUSSELS,16,4
2026-05-29,EURONEXT_LISBON,4,2
2026-05-29,EURONEXT_PARIS,49,10
2026-05-29,LSE,69,14
2026-05-29,OMX_COPENHAGEN,23,6
2026-05-29,OMX_HELSINKI,19,6
2026-05-29,OMX_STOCKHOLM,37,8
2026-05-29,OSLO,18,3
2026-05-29,SIX,30,5
2026-05-29,XETRA,63,8
2026-06-01,BME_MADRID,24,8
2026-06-01,BORSA_ITALIANA,31,11
2026-06-01,EURONEXT_AMSTERDAM,28,11
2026-06-01,EURONEXT_BRUSSELS,16,4
2026-06-01,EURONEXT_LISBON,4,2
2026-06-01,EURONEXT_PARIS,49,9
2026-06-01,LSE,70,13
2026-06-01,OMX_COPENHAGEN,23,6
2026-06-01,OMX_HELSINKI,19,6
2026-06-01,OMX_STOCKHOLM,37,6
2026-06-01,OSLO,18,4
2026-06-01,SIX,30,5
2026-06-01,XETRA,63,8
2026-06-02,BME_MADRID,24,8
2026-06-02,BORSA_ITALIANA,31,9
2026-06-02,EURONEXT_AMSTERDAM,28,10
2026-06-02,EURONEXT_BRUSSELS,16,4
2026-06-02,EURONEXT_LISBON,4,1
2026-06-02,EURONEXT_PARIS,49,8
2026-06-02,LSE,70,14
2026-06-02,OMX_COPENHAGEN,23,6
2026-06-02,OMX_HELSINKI,19,6
2026-06-02,OMX_STOCKHOLM,37,8
2026-06-02,OSLO,18,4
2026-06-02,SIX,30,5
2026-06-02,XETRA,63,7
2026-06-03,BME_MADRID,24,8
2026-06-03,BORSA_ITALIANA,31,10
2026-06-03,EURONEXT_AMSTERDAM,28,10
2026-06-03,EURONEXT_BRUSSELS,15,4
2026-06-03,EURONEXT_LISBON,4,1
2026-06-03,EURONEXT_PARIS,49,9
2026-06-03,LSE,70,14
2026-06-03,OMX_COPENHAGEN,23,5
2026-06-03,OMX_HELSINKI,19,8
2026-06-03,OMX_STOCKHOLM,37,8
2026-06-03,OSLO,18,4
2026-06-03,SIX,30,5
2026-06-03,XETRA,63,8
2026-06-04,BME_MADRID,24,8
2026-06-04,BORSA_ITALIANA,31,11
2026-06-04,EURONEXT_AMSTERDAM,28,10
2026-06-04,EURONEXT_BRUSSELS,15,4
2026-06-04,EURONEXT_LISBON,3,1
2026-06-04,EURONEXT_PARIS,49,9
2026-06-04,LSE,70,14
2026-06-04,OMX_COPENHAGEN,23,5
2026-06-04,OMX_HELSINKI,19,7
2026-06-04,OMX_STOCKHOLM,37,9
2026-06-04,OSLO,18,4
2026-06-04,SIX,30,6
2026-06-04,XETRA,63,7
2026-06-05,BME_MADRID,24,7
2026-06-05,BORSA_ITALIANA,31,12
2026-06-05,EURONEXT_AMSTERDAM,28,10
2026-06-05,EURONEXT_BRUSSELS,15,6
2026-06-05,EURONEXT_LISBON,3,1
2026-06-05,EURONEXT_PARIS,49,10
2026-06-05,LSE,70,14
2026-06-05,OMX_COPENHAGEN,23,5
2026-06-05,OMX_HELSINKI,19,8
2026-06-05,OMX_STOCKHOLM,37,7
2026-06-05,OSLO,18,4
2026-06-05,SIX,30,6
2026-06-05,XETRA,63,7
2026-06-08,BME_MADRID,24,8
2026-06-08,BORSA_ITALIANA,31,13
2026-06-08,EURONEXT_AMSTERDAM,28,9
2026-06-08,EURONEXT_BRUSSELS,15,4
2026-06-08,EURONEXT_LISBON,3,2
2026-06-08,EURONEXT_PARIS,49,8
2026-06-08,LSE,70,14
2026-06-08,OMX_COPENHAGEN,23,5
2026-06-08,OMX_HELSINKI,19,7
2026-06-08,OMX_STOCKHOLM,37,7
2026-06-08,OSLO,18,4
2026-06-08,SIX,30,6
2026-06-08,XETRA,63,7
2026-06-09,BME_MADRID,24,8
2026-06-09,BORSA_ITALIANA,31,13
2026-06-09,EURONEXT_AMSTERDAM,28,9
2026-06-09,EURONEXT_BRUSSELS,15,5
2026-06-09,EURONEXT_LISBON,3,0
2026-06-09,EURONEXT_PARIS,49,5
2026-06-09,LSE,70,10
2026-06-09,OMX_COPENHAGEN,23,5
2026-06-09,OMX_HELSINKI,19,7
2026-06-09,OMX_STOCKHOLM,37,5
2026-06-09,OSLO,18,6
2026-06-09,SIX,30,7
2026-06-09,XETRA,63,6
2026-06-10,BME_MADRID,24,10
2026-06-10,BORSA_ITALIANA,31,13
2026-06-10,EURONEXT_AMSTERDAM,28,9
2026-06-10,EURONEXT_BRUSSELS,15,4
2026-06-10,EURONEXT_LISBON,4,0
2026-06-10,EURONEXT_PARIS,49,5
2026-06-10,LSE,70,10
2026-06-10,OMX_COPENHAGEN,23,4
2026-06-10,OMX_HELSINKI,19,5
2026-06-10,OMX_STOCKHOLM,37,5
2026-06-10,OSLO,18,5
2026-06-10,SIX,30,6
2026-06-10,XETRA,63,3
2026-06-11,BME_MADRID,24,10
2026-06-11,BORSA_ITALIANA,31,13
2026-06-11,EURONEXT_AMSTERDAM,28,9
2026-06-11,EURONEXT_BRUSSELS,15,5
2026-06-11,EURONEXT_LISBON,4,2
2026-06-11,EURONEXT_PARIS,49,9
2026-06-11,LSE,69,13
2026-06-11,OMX_COPENHAGEN,23,5
2026-06-11,OMX_HELSINKI,19,5
2026-06-11,OMX_STOCKHOLM,37,6
2026-06-11,OSLO,18,6
2026-06-11,SIX,30,6
2026-06-11,XETRA,63,5
2026-06-12,BME_MADRID,24,12
2026-06-12,BORSA_ITALIANA,31,12
2026-06-12,EURONEXT_AMSTERDAM,28,10
2026-06-12,EURONEXT_BRUSSELS,15,6
2026-06-12,EURONEXT_LISBON,4,1
2026-06-12,EURONEXT_PARIS,49,9
2026-06-12,LSE,70,15
2026-06-12,OMX_COPENHAGEN,23,5
2026-06-12,OMX_HELSINKI,19,5
2026-06-12,OMX_STOCKHOLM,37,8
2026-06-12,OSLO,18,5
2026-06-12,SIX,30,5
2026-06-12,XETRA,63,7
2026-06-15,BME_MADRID,24,10
2026-06-15,BORSA_ITALIANA,31,13
2026-06-15,EURONEXT_AMSTERDAM,28,10
2026-06-15,EURONEXT_BRUSSELS,15,4
2026-06-15,EURONEXT_LISBON,4,1
2026-06-15,EURONEXT_PARIS,49,10
2026-06-15,LSE,71,15
2026-06-15,OMX_COPENHAGEN,23,6
2026-06-15,OMX_HELSINKI,19,5
2026-06-15,OMX_STOCKHOLM,37,7
2026-06-15,OSLO,18,3
2026-06-15,SIX,30,5
2026-06-15,XETRA,63,7
2026-06-16,BME_MADRID,24,11
2026-06-16,BORSA_ITALIANA,31,13
2026-06-16,EURONEXT_AMSTERDAM,28,10
2026-06-16,EURONEXT_BRUSSELS,15,5
2026-06-16,EURONEXT_LISBON,4,1
2026-06-16,EURONEXT_PARIS,49,8
2026-06-16,LSE,71,14
2026-06-16,OMX_COPENHAGEN,23,6
2026-06-16,OMX_HELSINKI,19,5
2026-06-16,OMX_STOCKHOLM,37,7
2026-06-16,OSLO,18,3
2026-06-16,SIX,30,4
2026-06-16,XETRA,63,7
2026-06-17,BME_MADRID,24,11
2026-06-17,BORSA_ITALIANA,31,11
2026-06-17,EURONEXT_AMSTERDAM,28,9
2026-06-17,EURONEXT_BRUSSELS,15,6
2026-06-17,EURONEXT_LISBON,4,1
2026-06-17,EURONEXT_PARIS,49,9
2026-06-17,LSE,71,14
2026-06-17,OMX_COPENHAGEN,23,6
2026-06-17,OMX_HELSINKI,19,5
2026-06-17,OMX_STOCKHOLM,36,7
2026-06-17,OSLO,18,2
2026-06-17,SIX,30,5
2026-06-17,XETRA,63,7
2026-06-18,BME_MADRID,24,11
2026-06-18,BORSA_ITALIANA,31,12
2026-06-18,EURONEXT_AMSTERDAM,28,10
2026-06-18,EURONEXT_BRUSSELS,15,6
2026-06-18,EURONEXT_LISBON,4,1
2026-06-18,EURONEXT_PARIS,49,7
2026-06-18,LSE,70,13
2026-06-18,OMX_COPENHAGEN,23,5
2026-06-18,OMX_HELSINKI,19,3
2026-06-18,OMX_STOCKHOLM,36,8
2026-06-18,OSLO,18,2
2026-06-18,SIX,30,5
2026-06-18,XETRA,63,9
2026-06-19,BME_MADRID,24,11
2026-06-19,BORSA_ITALIANA,31,12
2026-06-19,EURONEXT_AMSTERDAM,28,10
2026-06-19,EURONEXT_BRUSSELS,15,5
2026-06-19,EURONEXT_LISBON,4,1
2026-06-19,EURONEXT_PARIS,50,7
2026-06-19,LSE,70,12
2026-06-19,OMX_COPENHAGEN,23,5
2026-06-19,OMX_HELSINKI,19,3
2026-06-19,OMX_STOCKHOLM,36,8
2026-06-19,OSLO,18,3
2026-06-19,SIX,30,5
2026-06-19,XETRA,63,8
2026-06-22,BME_MADRID,24,11
2026-06-22,BORSA_ITALIANA,31,11
2026-06-22,EURONEXT_AMSTERDAM,28,9
2026-06-22,EURONEXT_BRUSSELS,15,9
2026-06-22,EURONEXT_LISBON,4,2
2026-06-22,EURONEXT_PARIS,50,9
2026-06-22,LSE,70,13
2026-06-22,OMX_COPENHAGEN,23,5
2026-06-22,OMX_HELSINKI,19,3
2026-06-22,OMX_STOCKHOLM,36,8
2026-06-22,OSLO,18,3
2026-06-22,SIX,30,5
2026-06-22,XETRA,63,7
2026-06-23,BME_MADRID,24,11
2026-06-23,BORSA_ITALIANA,31,12
2026-06-23,EURONEXT_AMSTERDAM,28,9
2026-06-23,EURONEXT_BRUSSELS,15,8
2026-06-23,EURONEXT_LISBON,4,1
2026-06-23,EURONEXT_PARIS,50,6
2026-06-23,LSE,70,12
2026-06-23,OMX_COPENHAGEN,23,5
2026-06-23,OMX_HELSINKI,19,2
2026-06-23,OMX_STOCKHOLM,36,7
2026-06-23,OSLO,18,3
2026-06-23,SIX,30,6
2026-06-23,XETRA,63,6
2026-06-24,BME_MADRID,24,10
2026-06-24,BORSA_ITALIANA,31,13
2026-06-24,EURONEXT_AMSTERDAM,28,8
2026-06-24,EURONEXT_BRUSSELS,15,6
2026-06-24,EURONEXT_LISBON,4,1
2026-06-24,EURONEXT_PARIS,50,6
2026-06-24,LSE,70,14
2026-06-24,OMX_COPENHAGEN,23,4
2026-06-24,OMX_HELSINKI,19,2
2026-06-24,OMX_STOCKHOLM,36,7
2026-06-24,OSLO,18,2
2026-06-24,SIX,30,6
2026-06-24,XETRA,63,5
2026-06-25,BME_MADRID,24,10
2026-06-25,BORSA_ITALIANA,31,13
2026-06-25,EURONEXT_AMSTERDAM,28,8
2026-06-25,EURONEXT_BRUSSELS,15,7
2026-06-25,EURONEXT_LISBON,4,1
2026-06-25,EURONEXT_PARIS,50,7
2026-06-25,LSE,71,14
2026-06-25,OMX_COPENHAGEN,23,4
2026-06-25,OMX_HELSINKI,19,2
2026-06-25,OMX_STOCKHOLM,36,7
2026-06-25,OSLO,18,2
2026-06-25,SIX,30,7
2026-06-25,XETRA,63,6
2026-06-26,BME_MADRID,24,10
2026-06-26,BORSA_ITALIANA,31,13
2026-06-26,EURONEXT_AMSTERDAM,28,8
2026-06-26,EURONEXT_BRUSSELS,15,6
2026-06-26,EURONEXT_LISBON,4,0
2026-06-26,EURONEXT_PARIS,50,6
2026-06-26,LSE,71,14
2026-06-26,OMX_COPENHAGEN,23,3
2026-06-26,OMX_HELSINKI,19,1
2026-06-26,OMX_STOCKHOLM,36,6
2026-06-26,OSLO,18,2
2026-06-26,SIX,30,7
2026-06-26,XETRA,63,6
2026-06-29,BME_MADRID,24,9
2026-06-29,BORSA_ITALIANA,30,13
2026-06-29,EURONEXT_AMSTERDAM,28,8
2026-06-29,EURONEXT_BRUSSELS,15,6
2026-06-29,EURONEXT_LISBON,4,0
2026-06-29,EURONEXT_PARIS,50,6
2026-06-29,LSE,71,15
2026-06-29,OMX_COPENHAGEN,23,3
2026-06-29,OMX_HELSINKI,18,1
2026-06-29,OMX_STOCKHOLM,36,6
2026-06-29,OSLO,18,2
2026-06-29,SIX,30,6
2026-06-29,XETRA,63,6
2026-06-30,BME_MADRID,24,9
2026-06-30,BORSA_ITALIANA,30,12
2026-06-30,EURONEXT_AMSTERDAM,28,8
2026-06-30,EURONEXT_BRUSSELS,15,6
2026-06-30,EURONEXT_LISBON,4,1
2026-06-30,EURONEXT_PARIS,50,7
2026-06-30,LSE,71,14
2026-06-30,OMX_COPENHAGEN,23,4
2026-06-30,OMX_HELSINKI,19,2
2026-06-30,OMX_STOCKHOLM,36,7
2026-06-30,OSLO,18,1
2026-06-30,SIX,30,6
2026-06-30,XETRA,63,6
2026-07-01,BME_MADRID,24,8
2026-07-01,BORSA_ITALIANA,31,10
2026-07-01,EURONEXT_AMSTERDAM,28,8
2026-07-01,EURONEXT_BRUSSELS,15,7
2026-07-01,EURONEXT_LISBON,3,1
2026-07-01,EURONEXT_PARIS,50,4
2026-07-01,LSE,71,14
2026-07-01,OMX_COPENHAGEN,23,5
2026-07-01,OMX_HELSINKI,18,1
2026-07-01,OMX_STOCKHOLM,36,6
2026-07-01,OSLO,18,3
2026-07-01,SIX,30,6
2026-07-01,XETRA,63,7
2026-07-02,BME_MADRID,24,10
2026-07-02,BORSA_ITALIANA,31,11
2026-07-02,EURONEXT_AMSTERDAM,28,8
2026-07-02,EURONEXT_BRUSSELS,15,6
2026-07-02,EURONEXT_LISBON,4,0
2026-07-02,EURONEXT_PARIS,50,6
2026-07-02,LSE,71,15
2026-07-02,OMX_COPENHAGEN,23,5
2026-07-02,OMX_HELSINKI,19,2
2026-07-02,OMX_STOCKHOLM,36,6
2026-07-02,OSLO,18,3
2026-07-02,SIX,30,7
2026-07-02,XETRA,63,7
2026-07-03,BME_MADRID,24,9
2026-07-03,BORSA_ITALIANA,30,12
2026-07-03,EURONEXT_AMSTERDAM,28,8
2026-07-03,EURONEXT_BRUSSELS,15,6
2026-07-03,EURONEXT_LISBON,4,0
2026-07-03,EURONEXT_PARIS,50,6
2026-07-03,LSE,71,14
2026-07-03,OMX_COPENHAGEN,23,5
2026-07-03,OMX_HELSINKI,19,3
2026-07-03,OMX_STOCKHOLM,36,9
2026-07-03,OSLO,18,3
2026-07-03,SIX,30,7
2026-07-03,XETRA,63,10
2026-07-06,BME_MADRID,24,9
2026-07-06,BORSA_ITALIANA,31,9
2026-07-06,EURONEXT_AMSTERDAM,28,9
2026-07-06,EURONEXT_BRUSSELS,15,5
2026-07-06,EURONEXT_LISBON,3,0
2026-07-06,EURONEXT_PARIS,50,5
2026-07-06,LSE,71,15
2026-07-06,OMX_COPENHAGEN,23,5
2026-07-06,OMX_HELSINKI,19,1
2026-07-06,OMX_STOCKHOLM,36,9
2026-07-06,OSLO,18,3
2026-07-06,SIX,30,7
2026-07-06,XETRA,63,9
2026-07-07,BME_MADRID,24,11
2026-07-07,BORSA_ITALIANA,30,11
2026-07-07,EURONEXT_AMSTERDAM,28,9
2026-07-07,EURONEXT_BRUSSELS,15,5
2026-07-07,EURONEXT_LISBON,3,0
2026-07-07,EURONEXT_PARIS,50,7
2026-07-07,LSE,71,12
2026-07-07,OMX_COPENHAGEN,23,4
2026-07-07,OMX_HELSINKI,19,1
2026-07-07,OMX_STOCKHOLM,36,8
2026-07-07,OSLO,18,3
2026-07-07,SIX,30,7
2026-07-07,XETRA,63,4
2026-07-08,BME_MADRID,24,6
2026-07-08,BORSA_ITALIANA,30,11
2026-07-08,EURONEXT_AMSTERDAM,28,8
2026-07-08,EURONEXT_BRUSSELS,15,3
2026-07-08,EURONEXT_LISBON,3,1
2026-07-08,EURONEXT_PARIS,50,4
2026-07-08,LSE,71,11
2026-07-08,OMX_COPENHAGEN,23,4
2026-07-08,OMX_HELSINKI,19,2
2026-07-08,OMX_STOCKHOLM,36,6
2026-07-08,OSLO,18,4
2026-07-08,SIX,30,5
2026-07-08,XETRA,63,3
2026-07-09,BME_MADRID,24,7
2026-07-09,BORSA_ITALIANA,30,10
2026-07-09,EURONEXT_AMSTERDAM,28,9
2026-07-09,EURONEXT_BRUSSELS,15,4
2026-07-09,EURONEXT_LISBON,3,1
2026-07-09,EURONEXT_PARIS,50,7
2026-07-09,LSE,71,12
2026-07-09,OMX_COPENHAGEN,23,4
2026-07-09,OMX_HELSINKI,19,2
2026-07-09,OMX_STOCKHOLM,36,7
2026-07-09,OSLO,18,3
2026-07-09,SIX,30,7
2026-07-09,XETRA,63,6
2026-07-10,BME_MADRID,24,9
2026-07-10,BORSA_ITALIANA,30,10
2026-07-10,EURONEXT_AMSTERDAM,28,9
2026-07-10,EURONEXT_BRUSSELS,15,4
2026-07-10,EURONEXT_LISBON,3,1
2026-07-10,EURONEXT_PARIS,50,7
2026-07-10,LSE,71,12
2026-07-10,OMX_COPENHAGEN,23,3
2026-07-10,OMX_HELSINKI,19,2
2026-07-10,OMX_STOCKHOLM,36,7
2026-07-10,OSLO,18,4
2026-07-10,SIX,30,7
2026-07-10,XETRA,63,7
2026-07-13,BME_MADRID,24,9
2026-07-13,BORSA_ITALIANA,30,10
2026-07-13,EURONEXT_AMSTERDAM,28,9
2026-07-13,EURONEXT_BRUSSELS,15,4
2026-07-13,EURONEXT_LISBON,3,1
2026-07-13,EURONEXT_PARIS,50,7
2026-07-13,LSE,71,12
2026-07-13,OMX_COPENHAGEN,23,3
2026-07-13,OMX_HELSINKI,19,2
2026-07-13,OMX_STOCKHOLM,36,7
2026-07-13,OSLO,18,4
2026-07-13,SIX,30,7
2026-07-13,XETRA,63,7
2026-07-14,BME_MADRID,24,9
2026-07-14,BORSA_ITALIANA,30,10
2026-07-14,EURONEXT_AMSTERDAM,28,9
2026-07-14,EURONEXT_BRUSSELS,15,3
2026-07-14,EURONEXT_LISBON,3,1
2026-07-14,EURONEXT_PARIS,50,7
2026-07-14,LSE,71,11
2026-07-14,OMX_COPENHAGEN,23,4
2026-07-14,OMX_HELSINKI,19,2
2026-07-14,OMX_STOCKHOLM,36,6
2026-07-14,OSLO,18,5
2026-07-14,SIX,30,7
2026-07-14,XETRA,63,7
2026-07-16,BME_MADRID,24,9
2026-07-16,BORSA_ITALIANA,31,10
2026-07-16,EURONEXT_AMSTERDAM,28,9
2026-07-16,EURONEXT_BRUSSELS,15,2
2026-07-16,EURONEXT_LISBON,3,1
2026-07-16,EURONEXT_PARIS,50,7
2026-07-16,LSE,71,12
2026-07-16,OMX_COPENHAGEN,23,4
2026-07-16,OMX_HELSINKI,19,2
2026-07-16,OMX_STOCKHOLM,36,8
2026-07-16,OSLO,18,5
2026-07-16,SIX,30,6
2026-07-16,XETRA,63,8
2026-07-17,BME_MADRID,24,9
2026-07-17,BORSA_ITALIANA,31,10
2026-07-17,EURONEXT_AMSTERDAM,28,9
2026-07-17,EURONEXT_BRUSSELS,15,4
2026-07-17,EURONEXT_LISBON,3,0
2026-07-17,EURONEXT_PARIS,50,7
2026-07-17,LSE,73,13
2026-07-17,OMX_COPENHAGEN,23,4
2026-07-17,OMX_HELSINKI,19,2
2026-07-17,OMX_STOCKHOLM,36,7
2026-07-17,OSLO,18,3
2026-07-17,SIX,30,8
2026-07-17,XETRA,63,6
2026-07-21,BME_MADRID,24,9
2026-07-21,BORSA_ITALIANA,31,11
2026-07-21,EURONEXT_AMSTERDAM,28,9
2026-07-21,EURONEXT_BRUSSELS,15,4
2026-07-21,EURONEXT_LISBON,3,1
2026-07-21,EURONEXT_PARIS,49,8
2026-07-21,LSE,73,14
2026-07-21,OMX_COPENHAGEN,23,4
2026-07-21,OMX_HELSINKI,19,2
2026-07-21,OMX_STOCKHOLM,36,6
2026-07-21,OSLO,18,5
2026-07-21,SIX,30,7
2026-07-21,XETRA,63,8
2026-07-22,BME_MADRID,24,9
2026-07-22,BORSA_ITALIANA,31,13
2026-07-22,EURONEXT_AMSTERDAM,28,9
2026-07-22,EURONEXT_BRUSSELS,15,4
2026-07-22,EURONEXT_LISBON,3,1
2026-07-22,EURONEXT_PARIS,49,9
2026-07-22,LSE,73,14
2026-07-22,OMX_COPENHAGEN,23,4
2026-07-22,OMX_HELSINKI,19,2
2026-07-22,OMX_STOCKHOLM,36,7
2026-07-22,OSLO,18,6
2026-07-22,SIX,30,5
2026-07-22,XETRA,63,8
2026-07-23,BME_MADRID,24,10
2026-07-23,BORSA_ITALIANA,31,12
2026-07-23,EURONEXT_AMSTERDAM,28,10
2026-07-23,EURONEXT_BRUSSELS,15,3
2026-07-23,EURONEXT_LISBON,3,1
2026-07-23,EURONEXT_PARIS,49,8
2026-07-23,LSE,72,14
2026-07-23,OMX_COPENHAGEN,23,4
2026-07-23,OMX_HELSINKI,19,3
2026-07-23,OMX_STOCKHOLM,36,7
2026-07-23,OSLO,18,5
2026-07-23,SIX,30,4
2026-07-23,XETRA,63,8
